t_laptop,seq,ms,ax,ay,az,gx,gy,gz,mic,btnA,btnB,loud
1790497093.054,915,20168,0.056,-0.006,1.221,-6.2,1.5,2.0,1,0,0,0
1790497093.073,916,20187,0.054,-0.009,1.218,-6.1,1.2,1.9,2,0,0,0
1790497093.093,917,20207,0.056,0.001,1.197,-6.2,1.3,1.9,1,0,0,0
1790497093.113,918,20227,0.056,0.001,1.184,-6.0,1.3,1.9,1,0,0,0
1790497093.133,919,20247,0.053,-0.002,1.197,-6.2,1.6,2.0,1,0,0,0
1790497093.161,920,20268,0.053,-0.008,1.190,-6.2,1.5,2.0,9,0,0,0
1790497093.180,921,20287,0.055,-0.007,1.200,-6.1,1.4,1.9,1,0,0,0
1790497093.200,922,20307,0.058,0.000,1.190,-6.2,1.3,1.9,1,0,0,0
1790497093.220,923,20327,0.056,-0.001,1.196,-6.2,1.4,1.9,3,0,0,0
1790497093.240,924,20347,0.052,-0.005,1.200,-6.2,1.4,1.9,1,0,0,0
1790497093.257,925,20368,0.054,-0.007,1.200,-6.1,1.4,1.9,2,0,0,0
1790497093.276,926,20387,0.056,-0.002,1.199,-6.2,1.4,2.0,2,0,0,0
1790497093.296,927,20407,0.059,0.002,1.191,-6.1,1.5,1.9,1,0,0,0
1790497093.316,928,20427,0.053,-0.004,1.206,-6.1,1.5,1.9,2,0,0,0
1790497093.336,929,20447,0.050,-0.009,1.200,-6.2,1.4,2.0,1,0,0,0
1790497093.356,930,20468,0.055,-0.004,1.194,-6.1,1.3,2.0,3,0,0,0
1790497093.375,931,20487,0.057,-0.001,1.192,-6.2,1.3,1.9,1,0,0,0
1790497093.395,932,20507,0.056,-0.004,1.197,-6.2,1.4,2.0,1,0,0,0
1790497093.415,933,20527,0.052,-0.009,1.201,-6.2,1.5,2.0,1,0,0,0
1790497093.435,934,20547,0.054,-0.007,1.196,-6.1,1.4,2.0,1,0,0,0
1790497093.448,935,20568,0.056,-0.001,1.194,-6.1,1.4,2.0,5,0,0,0
1790497093.467,936,20587,0.057,-0.000,1.193,-6.2,1.4,2.0,1,0,0,0
1790497093.487,937,20607,0.052,-0.003,1.199,-6.2,1.5,1.9,1,0,0,0
1790497093.507,938,20627,0.051,-0.009,1.206,-6.2,1.4,1.9,2,0,0,0
1790497093.527,939,20647,0.056,-0.002,1.194,-6.0,1.3,1.9,1,0,0,0
1790497093.547,940,20668,0.056,-0.000,1.188,-6.1,1.4,1.9,1,0,0,0
1790497093.566,941,20687,0.057,-0.003,1.197,-6.1,1.4,2.0,2,0,0,0
1790497093.586,942,20707,0.051,-0.004,1.203,-6.1,1.5,2.0,2,0,0,0
1790497093.606,943,20727,0.056,-0.007,1.200,-6.2,1.2,2.0,1,0,0,0
1790497093.626,944,20747,0.057,-0.001,1.195,-6.1,1.4,2.0,2,0,0,0
1790497093.656,945,20767,0.055,-0.002,1.194,-6.2,1.3,2.0,1,0,0,0
1790497093.676,946,20787,0.052,-0.004,1.199,-6.2,1.5,1.9,3,0,0,0
1790497093.696,947,20807,0.053,-0.007,1.201,-6.2,1.4,1.9,2,0,0,0
1790497093.716,948,20827,0.055,-0.006,1.194,-6.1,1.3,1.9,2,0,0,0
1790497093.736,949,20847,0.055,0.002,1.193,-6.1,1.4,1.9,1,0,0,0
1790497093.751,950,20868,0.054,-0.004,1.199,-6.2,1.4,1.9,1,0,0,0
1790497093.770,951,20887,0.056,-0.004,1.200,-6.2,1.5,2.0,2,0,0,0
1790497093.790,952,20907,0.055,-0.002,1.197,-6.1,1.4,1.9,2,0,0,0
1790497093.810,953,20927,0.055,-0.000,1.193,-6.1,1.4,1.9,1,0,0,0
1790497093.830,954,20947,0.058,0.002,1.199,-6.1,1.5,1.9,1,0,0,0
1790497093.846,955,20967,0.053,-0.003,1.201,-6.2,1.5,2.0,1,0,0,0
1790497093.866,956,20987,0.053,-0.005,1.201,-6.2,1.4,1.9,1,0,0,0
1790497093.886,957,21007,0.053,-0.005,1.192,-6.1,1.3,2.0,1,0,0,0
1790497093.906,958,21027,0.055,-0.002,1.193,-6.2,1.4,2.0,1,0,0,0
1790497093.926,959,21047,0.053,-0.002,1.196,-6.2,1.4,2.0,2,0,0,0
1790497093.959,960,21067,0.053,-0.007,1.201,-6.2,1.4,1.9,3,0,0,0
1790497093.979,961,21087,0.054,-0.007,1.200,-6.1,1.4,1.9,1,0,0,0
1790497093.999,962,21107,0.054,-0.000,1.191,-6.1,1.4,1.9,2,0,0,0
1790497094.019,963,21127,0.056,0.001,1.197,-6.2,1.4,1.9,2,0,0,0
1790497094.039,964,21147,0.055,-0.005,1.204,-6.2,1.4,1.9,2,0,0,0
1790497094.055,965,21168,0.054,-0.006,1.203,-6.2,1.3,1.9,2,0,0,0
1790497094.074,966,21187,0.053,-0.003,1.192,-6.1,1.3,1.9,2,0,0,0
1790497094.094,967,21207,0.054,0.002,1.196,-6.2,1.4,2.0,2,0,0,0
1790497094.114,968,21227,0.053,-0.005,1.201,-6.2,1.4,2.0,2,0,0,0
1790497094.134,969,21247,0.054,-0.005,1.203,-6.2,1.4,2.0,2,0,0,0
1790497094.149,970,21267,0.051,-0.005,1.193,-6.1,1.3,1.9,1,0,0,0
1790497094.169,971,21287,0.053,-0.004,1.191,-6.1,1.3,2.0,1,0,0,0
1790497094.189,972,21307,0.053,0.000,1.197,-6.2,1.5,1.9,2,0,0,0
1790497094.210,973,21328,0.055,-0.005,1.199,-6.2,1.3,1.9,2,0,0,0
1790497094.230,974,21348,0.056,-0.009,1.203,-6.2,1.4,1.9,2,0,0,0
1790497094.264,975,21368,0.051,-0.004,1.198,-6.2,1.4,1.9,2,0,0,0
1790497094.283,976,21387,0.053,-0.000,1.193,-6.1,1.5,2.0,2,0,0,0
1790497094.303,977,21407,0.057,-0.003,1.202,-6.2,1.4,2.0,2,0,0,0
1790497094.323,978,21427,0.055,-0.008,1.202,-6.2,1.4,2.0,2,0,0,0
1790497094.343,979,21447,0.053,-0.006,1.197,-6.2,1.3,2.0,1,0,0,0
1790497094.359,980,21467,0.057,0.002,1.193,-6.1,1.4,1.9,1,0,0,0
1790497094.379,981,21487,0.053,-0.002,1.199,-6.2,1.5,2.0,2,0,0,0
1790497094.399,982,21507,0.054,-0.005,1.201,-6.1,1.4,1.9,1,0,0,0
1790497094.419,983,21527,0.055,-0.008,1.199,-6.2,1.4,2.0,1,0,0,0
1790497094.439,984,21547,0.056,-0.001,1.194,-6.1,1.4,2.0,2,0,0,0
1790497094.457,985,21567,0.056,-0.000,1.194,-6.1,1.3,2.0,2,0,0,0
1790497094.477,986,21587,0.053,-0.003,1.200,-6.2,1.4,1.9,2,0,0,0
1790497094.497,987,21607,0.054,-0.002,1.197,-6.2,1.5,2.0,1,0,0,0
1790497094.517,988,21627,0.055,-0.004,1.196,-6.1,1.2,1.9,1,0,0,0
1790497094.537,989,21647,0.057,0.000,1.192,-6.2,1.4,2.0,2,0,0,0
1790497094.554,990,21668,0.057,-0.001,1.198,-6.1,1.4,2.0,1,0,0,0
1790497094.573,991,21687,0.056,-0.005,1.200,-6.1,1.5,1.9,2,0,0,0
1790497094.593,992,21707,0.055,-0.007,1.197,-6.2,1.4,1.9,1,0,0,0
1790497094.613,993,21727,0.053,-0.003,1.193,-6.1,1.4,1.9,2,0,0,0
1790497094.633,994,21747,0.056,-0.001,1.195,-6.2,1.4,1.9,1,0,0,0
1790497094.662,995,21768,0.054,-0.005,1.199,-6.1,1.4,1.9,1,0,0,0
1790497094.681,996,21787,0.055,-0.005,1.199,-6.2,1.4,1.9,1,0,0,0
1790497094.701,997,21807,0.052,-0.005,1.192,-6.1,1.4,1.9,1,0,0,0
1790497094.721,998,21827,0.054,-0.002,1.191,-6.1,1.5,2.0,3,0,0,0
1790497094.741,999,21847,0.054,-0.002,1.199,-6.2,1.5,1.9,2,0,0,0
1790497094.758,1000,21868,0.058,-0.006,1.205,-6.0,1.4,2.0,2,0,0,0
1790497094.777,1001,21887,0.057,-0.003,1.202,-6.1,1.4,1.9,2,0,0,0
1790497094.797,1002,21907,0.056,0.001,1.193,-6.1,1.4,1.9,1,0,0,0
1790497094.817,1003,21927,0.055,-0.003,1.197,-6.1,1.3,2.0,2,0,0,0
1790497094.837,1004,21947,0.057,-0.006,1.200,-6.2,1.5,2.0,2,0,0,0
1790497094.858,1005,21968,0.054,-0.007,1.203,-6.1,1.3,2.0,2,0,0,0
1790497094.877,1006,21987,0.055,-0.004,1.195,-6.2,1.3,1.9,2,0,0,0
1790497094.897,1007,22007,0.051,0.002,1.193,-6.2,1.4,1.9,1,0,0,0
1790497094.917,1008,22027,0.054,-0.003,1.195,-6.2,1.5,1.9,1,0,0,0
1790497094.937,1009,22047,0.057,-0.008,1.207,-6.1,1.4,1.9,1,0,0,0
1790497094.954,1010,22068,0.054,-0.003,1.200,-6.2,1.4,1.9,1,0,0,0
1790497094.973,1011,22087,0.052,-0.003,1.192,-6.1,1.4,1.9,2,0,0,0
1790497094.993,1012,22107,0.054,0.000,1.195,-6.1,1.4,1.9,2,0,0,0
1790497095.013,1013,22127,0.054,-0.003,1.202,-6.2,1.5,2.0,1,0,0,0
1790497095.033,1014,22147,0.058,-0.008,1.202,-6.2,1.4,1.8,1,0,0,0
1790497095.062,1015,22167,0.055,-0.002,1.199,-6.2,1.3,2.0,1,0,0,0
1790497095.082,1016,22187,0.055,-0.003,1.192,-6.1,1.5,1.9,1,0,0,0
1790497095.102,1017,22207,0.055,-0.004,1.198,-6.2,1.4,2.0,2,0,0,0
1790497095.122,1018,22227,0.053,-0.003,1.204,-6.1,1.5,1.9,1,0,0,0
1790497095.142,1019,22247,0.057,-0.005,1.199,-6.1,1.5,1.9,1,0,0,0
1790497095.163,1020,22268,0.055,-0.005,1.198,-6.1,1.5,1.9,1,0,0,0
1790497095.182,1021,22287,0.055,0.000,1.189,-6.1,1.5,1.9,1,0,0,0
1790497095.202,1022,22307,0.058,-0.005,1.201,-6.2,1.5,1.9,1,0,0,0
1790497095.222,1023,22327,0.053,-0.006,1.198,-6.1,1.3,1.8,1,0,0,0
1790497095.242,1024,22347,0.053,-0.003,1.187,-6.2,1.4,2.0,1,0,0,0
1790497095.287,1025,22368,0.052,0.001,1.195,-6.1,1.5,2.0,2,0,0,0
1790497095.306,1026,22387,0.058,-0.002,1.198,-6.3,1.5,1.9,2,0,0,0
1790497095.326,1027,22407,0.055,-0.009,1.208,-6.2,1.5,1.9,2,0,0,0
1790497095.346,1028,22427,0.052,-0.005,1.197,-6.2,1.3,1.9,2,0,0,0
1790497095.366,1029,22447,0.053,0.001,1.186,-6.2,1.4,2.0,2,0,0,0
1790497095.383,1030,22468,0.055,0.000,1.190,-6.2,1.6,2.0,2,0,0,0
1790497095.402,1031,22487,0.056,-0.006,1.208,-6.2,1.4,2.0,1,0,0,0
1790497095.422,1032,22507,0.055,-0.006,1.206,-6.2,1.4,1.9,1,0,0,0
1790497095.442,1033,22527,0.054,-0.003,1.194,-6.1,1.2,1.9,1,0,0,0
1790497095.462,1034,22547,0.052,-0.001,1.191,-6.1,1.4,1.9,1,0,0,0
1790497095.447,1035,22568,0.055,-0.007,1.196,-6.2,1.5,1.9,1,0,0,0
1790497095.466,1036,22587,0.054,-0.007,1.201,-6.2,1.4,1.9,1,0,0,0
1790497095.486,1037,22607,0.053,-0.004,1.201,-6.1,1.3,2.0,1,0,0,0
1790497095.506,1038,22627,0.055,-0.003,1.189,-6.1,1.3,1.9,2,0,0,0
1790497095.526,1039,22647,0.056,-0.000,1.187,-6.2,1.5,2.0,1,0,0,0
1790497095.590,1040,22667,0.057,-0.007,1.204,-6.2,1.5,2.0,1,0,0,0
1790497095.610,1041,22687,0.054,-0.009,1.201,-6.1,1.3,2.0,3,0,0,0
1790497095.630,1042,22707,0.052,-0.001,1.195,-6.2,1.3,2.0,2,0,0,0
1790497095.650,1043,22727,0.054,-0.002,1.188,-6.1,1.4,1.9,2,0,0,0
1790497095.670,1044,22747,0.052,-0.003,1.198,-6.2,1.5,1.9,2,0,0,0
1790497095.656,1045,22768,0.057,-0.008,1.206,-6.2,1.4,2.0,32,0,0,0
1790497095.675,1046,22787,0.056,-0.002,1.197,-6.2,1.4,1.9,2,0,0,0
1790497095.695,1047,22807,0.052,0.002,1.190,-6.1,1.4,1.9,2,0,0,0
1790497095.715,1048,22827,0.054,0.000,1.190,-6.2,1.5,2.0,2,0,0,0
1790497095.735,1049,22847,0.055,-0.005,1.208,-6.1,1.4,1.9,1,0,0,0
1790497095.774,1050,22868,0.053,-0.005,1.205,-6.2,1.3,1.9,2,0,0,0
1790497095.793,1051,22887,0.053,-0.003,1.193,-6.1,1.3,1.9,1,0,0,0
1790497095.813,1052,22907,0.052,0.001,1.188,-6.2,1.5,1.9,2,0,0,0
1790497095.833,1053,22927,0.056,-0.003,1.195,-6.2,1.4,2.0,1,0,0,0
1790497095.853,1054,22947,0.055,-0.005,1.203,-6.2,1.4,1.9,2,0,0,0
1790497095.878,1055,22967,0.054,-0.002,1.198,-6.2,1.3,2.0,4,0,0,0
1790497095.898,1056,22987,0.055,-0.001,1.190,-6.1,1.4,2.0,1,0,0,0
1790497095.918,1057,23007,0.054,-0.004,1.190,-6.2,1.5,1.9,2,0,0,0
1790497095.938,1058,23027,0.056,-0.005,1.210,-6.2,1.6,2.0,1,0,0,0
1790497095.958,1059,23047,0.056,-0.005,1.201,-6.1,1.3,1.9,2,0,0,0
1790497095.961,1060,23067,0.051,-0.001,1.189,-6.2,1.4,2.0,2,0,0,0
1790497095.981,1061,23087,0.057,-0.003,1.188,-6.2,1.4,1.9,4,0,0,0
1790497096.001,1062,23107,0.054,-0.001,1.192,-6.1,1.5,2.0,2,0,0,0
1790497096.021,1063,23127,0.056,-0.005,1.200,-6.1,1.5,2.0,2,0,0,0
1790497096.041,1064,23147,0.052,-0.005,1.200,-6.2,1.2,1.9,2,0,0,0
1790497096.056,1065,23167,0.114,-0.284,1.210,-8.3,-7.7,-40.6,2,0,0,0
1790497096.076,1066,23187,0.097,-0.197,1.175,-5.4,2.3,-75.8,2,0,0,0
1790497096.096,1067,23207,-0.102,0.154,1.201,-4.6,4.9,-69.7,2,0,0,0
1790497096.116,1068,23227,0.152,0.329,1.201,-5.7,4.1,13.5,2,0,0,0
1790497096.136,1069,23247,-0.027,0.013,1.202,-7.4,-3.2,30.8,2,0,0,0
1790497096.153,1070,23267,0.002,-0.061,1.200,-6.5,-4.1,24.6,2,0,0,0
1790497096.173,1071,23287,0.046,0.102,1.191,-6.0,0.2,19.1,2,0,0,0
1790497096.193,1072,23307,-0.019,0.086,1.202,-4.7,2.5,-5.4,4,0,0,0
1790497096.213,1073,23327,0.090,0.001,1.196,-5.4,2.3,-18.0,3,0,0,0
1790497096.233,1074,23347,0.126,-0.096,1.237,1.7,17.9,-12.3,1,0,0,0
1790497096.272,1075,23367,0.017,-0.044,1.277,5.8,31.1,-1.8,3,0,0,0
1790497096.292,1076,23387,0.130,0.025,1.285,-2.2,60.2,17.7,2,0,0,0
1790497096.312,1077,23407,0.003,0.042,1.210,-3.4,88.2,30.9,2,0,0,0
1790497096.332,1078,23427,-0.141,0.106,1.120,-2.7,71.1,26.0,2,0,0,0
1790497096.352,1079,23447,-0.104,-0.047,1.064,-3.1,39.3,9.8,3,0,0,0
1790497096.367,1080,23467,-0.102,-0.081,1.117,-5.6,2.4,6.0,3,0,0,0
1790497096.387,1081,23487,-0.016,-0.051,1.178,-2.3,-34.0,6.5,1,0,0,0
1790497096.407,1082,23507,0.030,-0.064,1.221,-7.1,-20.1,17.3,2,0,0,0
1790497096.427,1083,23527,-0.016,0.025,1.239,-10.8,3.7,29.8,4,0,0,0
1790497096.447,1084,23547,-0.024,0.039,1.238,-8.2,16.3,35.9,2,0,0,0
1790497096.448,1085,23568,-0.086,-0.058,1.189,-5.8,31.8,32.0,2,0,0,0
1790497096.467,1086,23587,-0.153,-0.072,1.149,-3.8,34.9,21.6,1,0,0,0
1790497096.487,1087,23607,0.034,0.030,1.205,-2.0,26.9,16.9,2,0,0,0
1790497096.507,1088,23627,-0.002,0.053,1.207,-3.4,27.2,23.3,2,0,0,0
1790497096.527,1089,23647,0.026,0.079,1.287,-4.7,45.4,28.9,2,0,0,0
1790497096.560,1090,23668,-0.034,0.022,1.301,-5.3,81.0,29.0,2,0,0,0
1790497096.579,1091,23687,-0.199,0.127,1.393,-4.6,74.9,28.1,2,0,0,0
1790497096.599,1092,23707,-0.163,0.131,1.410,-23.2,28.3,17.4,2,0,0,0
1790497096.619,1093,23727,-0.144,0.046,1.373,-34.4,-4.7,9.7,2,0,0,0
1790497096.639,1094,23747,-0.165,0.063,1.193,-34.5,-17.9,5.1,1,0,0,0
1790497096.659,1095,23767,-0.127,0.003,1.092,-28.4,-29.1,-5.5,2,0,0,0
1790497096.679,1096,23787,-0.098,-0.044,1.085,-18.7,-31.6,-13.1,1,0,0,0
1790497096.699,1097,23807,-0.098,-0.042,1.071,-11.0,-22.7,-9.6,2,0,0,0
1790497096.719,1098,23827,-0.154,-0.000,1.102,-14.8,-2.7,-0.4,5,0,0,0
1790497096.739,1099,23847,-0.126,-0.047,1.188,-20.4,5.0,5.7,1,0,0,0
1790497096.788,1100,23868,-0.142,-0.072,1.153,-18.5,2.7,8.4,3,0,0,0
1790497096.808,1101,23888,-0.100,-0.024,0.984,-11.3,-2.9,6.2,2,0,0,0
1790497096.827,1102,23907,-0.071,0.008,0.875,-9.2,-12.2,2.1,1,0,0,0
1790497096.847,1103,23927,-0.088,0.018,0.831,-11.6,-19.6,-2.3,3,0,0,0
1790497096.867,1104,23947,-0.071,-0.023,0.874,-11.0,-4.8,-2.6,2,0,0,0
1790497096.864,1105,23967,-0.035,-0.046,0.994,-2.8,7.0,-1.0,2,0,0,0
1790497096.884,1106,23987,-0.005,-0.103,1.117,7.8,9.7,-0.4,3,0,0,0
1790497096.904,1107,24007,-0.040,-0.070,1.182,14.2,8.0,-0.3,2,0,0,0
1790497096.924,1108,24027,-0.090,-0.052,1.214,17.7,1.4,0.7,1,0,0,0
1790497096.944,1109,24047,-0.086,-0.068,1.254,23.5,-2.5,2.9,2,0,0,0
1790497096.954,1110,24067,-0.126,0.005,1.292,24.4,-5.7,2.7,3,0,0,0
1790497096.974,1111,24087,-0.130,0.025,1.249,14.7,-12.7,0.2,4,0,0,0
1790497096.994,1112,24107,-0.111,0.027,1.253,7.4,-15.5,-3.4,3,0,0,0
1790497097.014,1113,24127,-0.123,0.064,1.611,-30.6,-14.6,-1.6,2,0,0,0
1790497097.034,1114,24147,-0.071,-0.035,1.286,-39.9,-20.1,-4.1,2,0,0,0
1790497097.061,1115,24167,0.015,-0.009,1.321,-14.3,-17.8,-2.5,2,0,0,0
1790497097.081,1116,24187,-0.051,0.104,1.326,-7.0,1.9,2.7,3,0,0,0
1790497097.101,1117,24207,-0.005,0.051,1.411,-8.0,-8.7,1.2,2,0,0,0
1790497097.121,1118,24227,-0.051,0.016,1.376,-10.7,-7.5,3.1,2,0,0,0
1790497097.141,1119,24247,-0.061,-0.003,1.355,-14.5,-4.8,3.6,3,0,0,0
1790497097.154,1120,24267,-0.054,-0.014,1.315,-18.0,-12.3,2.6,2,0,0,0
1790497097.174,1121,24287,-0.071,0.046,1.211,-18.9,-25.2,-0.6,2,0,0,0
1790497097.194,1122,24307,-0.058,0.072,1.090,-23.6,-27.6,0.9,1,0,0,0
1790497097.214,1123,24327,-0.009,-0.007,1.058,-24.2,-25.0,3.2,2,0,0,0
1790497097.234,1124,24347,-0.029,-0.046,1.003,-19.8,-21.2,5.5,2,0,0,0
1790497097.300,1125,24368,-0.019,-0.072,1.007,-9.6,-16.6,6.9,1,0,0,0
1790497097.319,1126,24387,-0.006,-0.044,1.000,-1.7,-2.7,8.3,2,0,0,0
1790497097.339,1127,24407,-0.016,-0.014,0.995,-2.0,3.8,8.8,2,0,0,0
1790497097.359,1128,24427,-0.020,-0.006,0.956,-8.7,-2.1,8.1,3,0,0,0
1790497097.379,1129,24447,-0.043,-0.084,0.932,-9.9,-3.2,8.0,2,0,0,0
1790497097.359,1130,24467,-0.049,-0.111,0.958,0.4,1.2,6.3,1,0,0,0
1790497097.379,1131,24487,-0.037,-0.089,0.988,12.0,7.4,3.1,3,0,0,0
1790497097.399,1132,24507,-0.003,-0.044,1.086,19.7,7.1,-0.7,3,0,0,0
1790497097.419,1133,24527,-0.014,-0.039,1.191,17.4,12.0,4.5,2,0,0,0
1790497097.439,1134,24547,-0.034,-0.073,1.307,22.1,12.7,8.2,3,0,0,0
1790497097.455,1135,24567,-0.048,-0.001,1.364,27.2,0.9,3.0,1,0,0,0
1790497097.475,1136,24587,0.031,0.214,2.347,-14.9,14.2,3.0,2,0,0,0
1790497097.495,1137,24607,-0.076,-0.112,1.215,-34.6,-0.8,1.9,2,0,0,0
1790497097.515,1138,24627,-0.039,0.008,1.401,-9.1,-0.4,0.9,2,0,0,0
1790497097.535,1139,24647,-0.103,-0.027,1.197,-5.6,6.0,5.4,3,0,0,0
1790497097.569,1140,24668,-0.056,-0.032,1.227,-0.2,20.4,7.3,1,0,0,0
1790497097.588,1141,24687,-0.025,-0.079,1.277,4.5,25.9,9.1,2,0,0,0
1790497097.608,1142,24707,-0.029,-0.051,1.234,15.7,25.6,10.2,2,0,0,0
1790497097.629,1143,24728,-0.031,0.024,1.230,13.0,18.6,12.0,3,0,0,0
1790497097.648,1144,24747,-0.025,0.001,1.248,-3.4,14.5,14.2,2,0,0,0
1790497097.658,1145,24768,-0.040,-0.057,1.207,-13.7,12.8,16.2,2,0,0,0
1790497097.677,1146,24787,-0.033,0.000,1.194,-9.3,8.9,12.2,2,0,0,0
1790497097.697,1147,24807,0.018,0.112,1.201,-5.1,2.3,6.1,2,0,0,0
1790497097.717,1148,24827,0.021,0.137,1.248,-8.2,-6.9,0.2,2,0,0,0
1790497097.737,1149,24847,-0.018,0.076,1.298,-11.9,-13.8,-2.6,5,0,0,0
1790497097.760,1150,24867,-0.018,0.093,1.327,-5.2,-8.1,-1.7,1,0,0,0
1790497097.780,1151,24887,0.006,0.142,1.289,-0.3,-3.0,-1.6,1,0,0,0
1790497097.800,1152,24907,0.001,0.148,1.191,-1.2,2.4,-2.2,2,0,0,0
1790497097.820,1153,24927,-0.052,0.133,1.094,-9.8,0.0,-4.7,2,0,0,0
1790497097.840,1154,24947,-0.075,0.090,0.935,-19.8,-10.6,-9.8,1,0,0,0
1790497097.850,1155,24967,-0.035,0.049,0.900,-23.0,-11.7,-11.0,4,0,0,0
1790497097.870,1156,24987,-0.073,0.061,1.003,-28.5,-10.0,-10.8,2,0,0,0
1790497097.890,1157,25007,-0.057,-0.027,1.108,-40.4,-13.6,-4.6,3,0,0,0
1790497097.910,1158,25027,-0.053,-0.164,1.148,-36.8,-15.3,6.9,2,0,0,0
1790497097.930,1159,25047,-0.033,-0.168,1.171,-19.5,1.8,11.6,1,0,0,0
1790497097.945,1160,25067,-0.055,-0.067,1.169,-11.2,22.8,23.4,2,0,0,0
1790497097.965,1161,25087,-0.080,-0.020,1.166,-6.0,22.0,26.2,2,0,0,0
1790497097.985,1162,25107,-0.024,-0.076,1.245,-2.7,8.0,21.9,2,0,0,0
1790497098.005,1163,25127,-0.008,-0.092,1.265,-0.6,-1.0,19.8,1,0,0,0
1790497098.025,1164,25147,-0.050,-0.055,1.305,-3.8,-12.6,17.9,3,0,0,0
1790497098.078,1165,25168,-0.045,-0.085,1.317,-11.7,-32.5,13.1,4,0,0,0
1790497098.097,1166,25187,-0.077,-0.059,1.247,-21.7,-37.9,9.8,3,0,0,0
1790497098.117,1167,25207,-0.066,-0.029,1.193,-38.5,-23.5,12.0,2,0,0,0
1790497098.137,1168,25227,-0.068,-0.139,1.310,-54.6,-10.3,12.3,3,0,0,0
1790497098.157,1169,25247,0.030,-0.123,1.375,-74.5,-2.7,12.1,2,0,0,0
1790497098.164,1170,25268,0.013,-0.097,1.362,-98.8,-13.5,7.4,1,0,0,0
1790497098.183,1171,25287,-0.013,-0.065,1.325,-118.2,-45.5,1.5,2,0,0,0
1790497098.203,1172,25307,0.069,-0.128,1.233,-134.7,-53.9,-0.2,2,0,0,0
1790497098.223,1173,25327,0.043,-0.189,1.093,-143.6,-44.0,2.0,3,0,0,0
1790497098.243,1174,25347,0.129,-0.377,1.111,-129.2,-35.9,9.5,2,0,0,0
1790497098.266,1175,25368,0.153,-0.442,1.148,-108.2,-29.4,10.2,1,0,0,0
1790497098.285,1176,25387,0.094,-0.393,1.096,-92.1,-25.5,8.1,2,0,0,0
1790497098.305,1177,25407,0.041,-0.350,1.047,-83.3,-12.6,16.8,2,0,0,0
1790497098.325,1178,25427,0.067,-0.424,1.064,-76.6,-5.7,25.0,3,0,0,0
1790497098.345,1179,25447,0.147,-0.473,1.122,-67.1,-3.8,19.2,2,0,0,0
1790497098.364,1180,25467,0.111,-0.427,1.161,-64.3,-3.5,15.3,2,0,0,0
1790497098.384,1181,25487,0.110,-0.338,1.147,-71.3,-6.0,13.5,2,0,0,0
1790497098.404,1182,25507,0.091,-0.370,1.121,-81.9,-4.9,15.5,2,0,0,0
1790497098.424,1183,25527,0.109,-0.507,1.056,-88.4,-5.9,25.9,2,0,0,0
1790497098.444,1184,25547,0.122,-0.549,1.041,-87.7,-8.3,23.8,2,0,0,0
1790497098.474,1185,25568,0.109,-0.517,1.039,-87.2,-9.6,19.1,2,0,0,0
1790497098.493,1186,25587,0.035,-0.496,1.030,-91.2,-2.6,24.5,3,0,0,0
1790497098.513,1187,25607,0.076,-0.479,0.989,-95.5,-2.7,26.8,2,0,0,0
1790497098.533,1188,25627,0.088,-0.530,0.980,-94.4,-6.2,23.3,2,0,0,0
1790497098.553,1189,25647,0.077,-0.658,1.046,-94.8,-9.7,25.6,2,0,0,0
1790497098.558,1190,25668,0.099,-0.670,1.015,-99.7,-17.9,24.0,2,0,0,0
1790497098.577,1191,25687,0.088,-0.641,0.931,-101.8,-23.9,20.2,3,0,0,0
1790497098.597,1192,25707,0.085,-0.645,0.847,-98.7,-21.2,17.8,2,0,0,0
1790497098.617,1193,25727,0.145,-0.873,0.820,-81.7,-1.6,15.5,3,0,0,0
1790497098.637,1194,25747,-0.017,-0.716,0.810,-69.7,-11.0,16.0,3,0,0,0
1790497098.666,1195,25768,0.056,-0.766,0.814,-60.5,-18.6,16.4,2,0,0,0
1790497098.685,1196,25787,0.103,-0.779,0.807,-56.7,-12.9,16.8,2,0,0,0
1790497098.705,1197,25807,0.092,-0.777,0.798,-55.0,-4.5,16.2,3,0,0,0
1790497098.725,1198,25827,0.050,-0.796,0.787,-51.6,-2.4,17.2,1,0,0,0
1790497098.746,1199,25848,0.073,-0.796,0.768,-44.6,-7.4,12.4,3,0,0,0
1790497098.763,1200,25868,0.074,-0.818,0.739,-38.0,-4.9,8.7,3,0,0,0
1790497098.782,1201,25887,0.030,-0.831,0.727,-29.5,-0.9,6.3,3,0,0,0
1790497098.802,1202,25907,0.067,-0.833,0.700,-18.6,-7.0,2.7,3,0,0,0
1790497098.822,1203,25927,0.042,-0.850,0.652,-9.0,-1.0,3.5,1,0,0,0
1790497098.842,1204,25947,0.029,-0.859,0.639,4.4,0.1,7.0,2,0,0,0
1790497098.862,1205,25968,0.021,-0.768,0.630,28.0,-4.2,7.0,3,0,0,0
1790497098.881,1206,25987,0.068,-0.783,0.648,58.9,-4.8,3.0,1,0,0,0
1790497098.901,1207,26007,0.113,-0.752,0.728,81.7,0.0,-7.8,2,0,0,0
1790497098.921,1208,26027,0.126,-0.743,0.826,99.3,1.2,-18.0,1,0,0,0
1790497098.941,1209,26047,0.102,-0.876,0.908,116.8,9.3,-22.9,3,0,0,0
1790497098.969,1210,26068,0.031,-0.788,0.914,130.5,9.0,-23.0,2,0,0,0
1790497098.988,1211,26087,0.061,-0.677,0.957,139.7,11.0,-26.5,2,0,0,0
1790497099.008,1212,26107,0.098,-0.589,0.999,151.4,16.7,-33.4,3,0,0,0
1790497099.028,1213,26127,0.119,-0.502,1.069,160.8,23.4,-33.8,3,0,0,0
1790497099.048,1214,26147,0.145,-0.463,1.131,163.8,14.3,-34.5,2,0,0,0
1790497099.052,1215,26168,0.128,-0.438,1.137,163.7,-5.9,-37.7,2,0,0,0
1790497099.071,1216,26187,0.135,-0.377,1.090,161.1,-21.8,-39.4,4,0,0,0
1790497099.091,1217,26207,0.052,-0.302,0.965,156.1,-3.1,-34.3,2,0,0,0
1790497099.111,1218,26227,0.135,-0.224,0.958,150.6,36.1,-24.9,3,0,0,0
1790497099.131,1219,26247,0.191,-0.231,1.119,146.8,69.1,-18.6,2,0,0,0
1790497099.161,1220,26268,0.161,-0.118,1.262,133.5,54.5,-13.0,3,0,0,0
1790497099.180,1221,26287,0.088,-0.025,1.239,110.1,10.7,-16.1,4,0,0,0
1790497099.200,1222,26307,0.059,-0.100,1.163,92.1,-6.2,-15.8,3,0,0,0
1790497099.220,1223,26327,0.049,-0.238,1.183,87.6,-1.4,-11.9,1,0,0,0
1790497099.240,1224,26347,0.049,-0.218,1.212,87.7,19.3,-12.7,1,0,0,0
1790497099.274,1225,26367,0.066,-0.073,1.291,85.2,22.4,-14.0,1,0,0,0
1790497099.294,1226,26387,0.035,0.061,1.308,76.4,18.8,-11.3,1,0,0,0
1790497099.314,1227,26407,0.021,0.056,1.297,65.9,18.4,-1.5,2,0,0,0
1790497099.334,1228,26427,0.013,-0.015,1.237,65.0,13.8,3.4,3,0,0,0
1790497099.354,1229,26447,0.041,-0.021,1.218,75.4,14.8,2.6,2,0,0,0
1790497099.388,1230,26468,0.077,0.084,1.229,80.7,10.5,2.2,2,0,0,0
1790497099.407,1231,26487,0.084,0.138,1.228,77.1,-3.5,0.0,2,0,0,0
1790497099.427,1232,26507,0.102,0.153,1.219,72.3,-10.7,0.2,2,0,0,0
1790497099.447,1233,26527,0.035,0.194,1.223,66.2,-6.7,7.6,1,0,0,0
1790497099.467,1234,26547,0.027,0.148,1.210,67.3,4.6,12.8,3,0,0,0
1790497099.481,1235,26567,0.065,0.176,1.178,70.2,4.3,10.2,2,0,0,0
1790497099.501,1236,26587,0.093,0.234,1.204,65.6,-0.1,9.5,4,0,0,0
1790497099.521,1237,26607,0.115,0.211,1.205,53.4,-8.3,10.6,3,0,0,0
1790497099.541,1238,26627,0.089,0.269,1.157,44.6,-18.1,5.0,2,0,0,0
1790497099.561,1239,26647,0.064,0.300,1.107,36.3,-17.9,-0.9,2,0,0,0
1790497099.561,1240,26668,0.074,0.332,1.075,24.7,-10.3,-3.3,1,0,0,0
1790497099.580,1241,26687,0.068,0.334,1.096,-0.3,-2.8,-0.7,2,0,0,0
1790497099.600,1242,26707,0.053,0.269,1.078,-20.7,-2.4,1.5,3,0,0,0
1790497099.620,1243,26727,0.058,0.256,1.110,-33.5,-0.8,5.7,2,0,0,0
1790497099.640,1244,26747,0.047,0.290,1.104,-39.4,13.0,6.1,2,0,0,0
1790497099.673,1245,26767,0.046,0.302,1.141,-45.7,16.7,5.3,3,0,0,0
1790497099.693,1246,26787,0.061,0.299,1.215,-53.5,16.0,6.6,4,0,0,0
1790497099.713,1247,26807,0.043,0.252,1.236,-64.1,15.7,10.3,3,0,0,0
1790497099.733,1248,26827,0.023,0.205,1.215,-69.6,19.1,11.3,1,0,0,0
1790497099.753,1249,26847,-0.010,0.207,1.156,-72.5,25.7,13.4,2,0,0,0
1790497099.758,1250,26867,0.021,0.263,1.156,-70.6,45.0,14.0,4,0,0,0
1790497099.778,1251,26887,0.041,0.194,1.209,-69.1,57.4,12.1,3,0,0,0
1790497099.798,1252,26907,-0.005,0.115,1.259,-73.2,40.8,6.0,2,0,0,0
1790497099.818,1253,26927,-0.036,0.116,1.235,-77.7,27.6,3.1,3,0,0,0
1790497099.838,1254,26947,-0.107,0.119,1.119,-76.6,51.9,12.0,2,0,0,0
1790497099.865,1255,26968,-0.110,0.058,1.074,-70.8,101.6,23.5,9,0,0,0
1790497099.884,1256,26987,-0.021,0.085,1.165,-69.6,123.7,21.5,2,0,0,0
1790497099.904,1257,27007,0.028,0.025,1.324,-77.8,76.6,11.5,2,0,0,0
1790497099.924,1258,27027,-0.025,-0.053,1.381,-79.5,48.7,9.6,3,0,0,0
1790497099.944,1259,27047,-0.086,-0.045,1.241,-79.0,43.1,14.5,1,0,0,0
1790497099.978,1260,27068,-0.109,-0.075,1.186,-78.4,53.1,16.6,1,0,0,0
1790497099.997,1261,27087,-0.182,-0.070,1.198,-86.6,33.4,17.1,1,0,0,0
1790497100.017,1262,27107,-0.201,-0.151,1.217,-96.9,10.8,18.7,3,0,0,0
1790497100.037,1263,27127,-0.198,-0.095,1.202,-105.5,-2.6,16.5,1,0,0,0
1790497100.057,1264,27147,-0.191,-0.075,1.093,-112.0,2.3,16.2,2,0,0,0
1790497100.061,1265,27168,-0.154,-0.138,1.110,-111.8,18.4,15.9,1,0,0,0
1790497100.080,1266,27187,-0.162,-0.221,1.166,-101.8,10.2,8.7,1,0,0,0
1790497100.100,1267,27207,-0.185,-0.224,1.087,-84.6,-5.6,-2.1,3,0,0,0
1790497100.120,1268,27227,-0.218,-0.198,1.031,-65.9,-7.4,-3.2,1,0,0,0
1790497100.140,1269,27247,-0.188,-0.237,1.058,-49.1,-9.1,0.9,2,0,0,0
1790497100.157,1270,27268,-0.183,-0.267,1.072,-29.2,-15.4,1.8,3,0,0,0
1790497100.176,1271,27287,-0.204,-0.228,1.050,-6.1,-26.6,-0.4,2,0,0,0
1790497100.196,1272,27307,-0.234,-0.229,1.062,14.5,-19.7,5.8,2,0,0,0
1790497100.216,1273,27327,-0.198,-0.280,1.113,26.1,-9.0,9.3,1,0,0,0
1790497100.236,1274,27347,-0.162,-0.335,1.145,37.8,-3.0,-0.7,2,0,0,0
1790497100.265,1275,27367,-0.203,-0.342,1.125,47.7,1.2,-15.6,1,0,0,0
1790497100.285,1276,27387,-0.208,-0.256,1.105,53.7,9.5,-34.5,2,0,0,0
1790497100.305,1277,27407,-0.169,-0.213,1.178,48.8,7.2,-50.1,2,0,0,0
1790497100.325,1278,27427,-0.051,-0.205,1.286,30.8,-9.6,-63.2,2,0,0,0
1790497100.345,1279,27447,-0.135,-0.182,1.260,16.1,-26.3,-74.8,2,0,0,0
1790497100.363,1280,27468,-0.147,-0.229,1.153,10.9,-39.2,-84.6,2,0,0,0
1790497100.382,1281,27487,-0.114,-0.365,1.202,10.7,-26.5,-82.8,2,0,0,0
1790497100.402,1282,27507,-0.011,-0.378,1.291,18.5,-15.0,-87.5,2,0,0,0
1790497100.422,1283,27527,-0.132,-0.215,1.163,23.2,-8.3,-85.5,2,0,0,0
1790497100.442,1284,27547,-0.072,-0.059,1.022,18.5,7.6,-84.0,2,0,0,0
1790497100.507,1285,27567,0.144,-0.171,1.258,21.3,-6.2,-103.7,2,0,0,0
1790497100.527,1286,27587,-0.012,-0.151,1.334,30.9,-39.2,-113.8,2,0,0,0
1790497100.547,1287,27607,-0.108,-0.122,1.239,41.1,-57.8,-111.5,3,0,0,0
1790497100.567,1288,27627,-0.068,-0.077,1.097,44.9,-42.5,-101.9,2,0,0,0
1790497100.587,1289,27647,-0.076,-0.125,1.133,50.2,-8.7,-90.4,1,0,0,0
1790497100.553,1290,27667,-0.036,-0.112,1.108,52.0,16.9,-84.1,3,0,0,0
1790497100.573,1291,27687,-0.033,-0.083,1.133,57.3,12.3,-87.3,2,0,0,0
1790497100.593,1292,27707,0.029,0.096,1.119,62.5,16.5,-93.2,6,0,0,0
1790497100.613,1293,27727,0.017,0.115,1.139,56.0,26.4,-94.2,3,0,0,0
1790497100.633,1294,27747,-0.039,0.035,1.158,43.3,29.9,-89.5,2,0,0,0
1790497100.655,1295,27768,-0.022,-0.021,1.255,33.1,-5.2,-94.7,2,0,0,0
1790497100.674,1296,27787,0.070,-0.061,1.281,26.0,-34.2,-93.1,3,0,0,0
1790497100.694,1297,27807,0.080,-0.031,1.224,20.8,-44.7,-85.1,4,0,0,0
1790497100.714,1298,27827,0.079,-0.087,1.220,14.1,-41.5,-73.8,3,0,0,0
1790497100.734,1299,27847,0.051,-0.046,1.217,6.4,-28.3,-49.9,2,0,0,0
1790497100.746,1300,27867,0.122,-0.061,1.118,-5.9,-7.0,-29.8,2,0,0,0
1790497100.766,1301,27887,0.048,-0.071,1.171,-16.3,2.7,-7.8,1,0,0,0
1790497100.786,1302,27907,0.156,-0.125,1.208,-20.0,-4.1,11.5,1,0,0,0
1790497100.806,1303,27927,0.195,-0.094,1.231,-16.9,-3.7,24.5,2,0,0,0
1790497100.826,1304,27947,0.179,-0.042,1.195,-17.6,-1.7,44.5,3,0,0,0
1790497100.859,1305,27968,-0.032,-0.025,1.077,-16.7,27.9,81.9,4,0,0,0
1790497100.878,1306,27987,-0.007,-0.075,1.118,-17.1,49.3,105.1,3,0,0,0
1790497100.898,1307,28007,0.057,-0.117,1.255,-17.2,42.9,110.3,4,0,0,0
1790497100.918,1308,28027,0.236,-0.045,1.336,-23.0,10.7,106.4,2,0,0,0
1790497100.938,1309,28047,0.202,0.100,1.278,-31.4,-19.2,96.6,1,0,0,0
1790497100.985,1310,28067,-0.005,0.075,1.142,-41.7,-23.0,102.8,2,0,0,0
1790497101.005,1311,28087,-0.177,-0.107,1.139,-41.1,-16.2,135.0,3,0,0,0
1790497101.025,1312,28107,0.114,-0.274,1.257,-13.5,-23.6,135.4,5,0,0,0
1790497101.045,1313,28127,0.287,-0.210,1.389,15.0,-5.9,124.2,2,0,0,0
1790497101.065,1314,28147,0.048,0.112,1.242,23.1,31.5,109.6,2,0,0,0
1790497101.084,1315,28168,-0.312,0.131,0.929,-7.1,73.6,147.3,2,0,0,0
1790497101.103,1316,28187,-0.100,-0.076,1.116,-19.5,63.5,149.7,3,0,0,0
1790497101.123,1317,28207,-0.119,-0.152,1.289,-3.8,41.9,145.6,2,0,0,0
1790497101.143,1318,28227,0.111,-0.072,1.304,16.6,47.1,120.5,4,0,0,0
1790497101.163,1319,28247,0.029,0.085,1.221,13.2,26.6,93.0,2,0,0,0
1790497101.148,1320,28268,-0.037,0.220,1.032,-17.2,15.6,87.9,2,0,0,0
1790497101.167,1321,28287,-0.221,0.045,1.064,-38.9,31.0,93.5,2,0,0,0
1790497101.187,1322,28307,-0.238,-0.161,1.212,-40.0,26.3,109.6,3,0,0,0
1790497101.207,1323,28327,-0.042,-0.172,1.325,-17.3,18.0,99.4,2,0,0,0
1790497101.227,1324,28347,-0.108,0.034,1.265,-11.2,2.4,90.4,2,0,0,0
1790497101.282,1325,28367,-0.071,0.176,1.190,-22.9,-19.3,78.3,4,0,0,0
1790497101.302,1326,28387,-0.005,0.112,1.194,-37.9,-53.9,71.5,2,0,0,0
1790497101.322,1327,28407,-0.094,-0.009,1.175,-37.6,-53.1,81.1,2,0,0,0
1790497101.342,1328,28427,-0.245,-0.073,1.129,-31.4,-32.2,106.8,2,0,0,0
1790497101.362,1329,28447,-0.038,-0.089,1.082,-13.7,-8.2,104.1,1,0,0,0
1790497101.360,1330,28467,-0.068,-0.092,1.116,3.1,-2.1,90.9,2,0,0,0
1790497101.380,1331,28487,-0.062,-0.059,1.128,4.8,-19.6,84.2,2,0,0,0
1790497101.400,1332,28507,0.024,-0.008,1.149,10.6,-10.4,77.0,2,0,0,0
1790497101.420,1333,28527,-0.046,0.054,1.170,6.6,21.5,83.0,2,0,0,0
1790497101.440,1334,28547,-0.088,0.022,1.240,0.3,31.9,87.3,1,0,0,0
1790497101.461,1335,28568,-0.155,-0.022,1.292,2.0,6.3,73.5,2,0,0,0
1790497101.480,1336,28587,-0.239,-0.084,1.223,3.0,-23.6,62.0,1,0,0,0
1790497101.500,1337,28607,-0.177,-0.077,1.162,7.4,-10.3,42.0,2,0,0,0
1790497101.520,1338,28627,0.010,0.079,1.156,9.1,30.5,-3.6,3,0,0,0
1790497101.540,1339,28647,0.244,0.025,1.417,9.8,14.4,-81.6,2,0,0,0
1790497101.557,1340,28667,0.031,0.130,1.361,-6.2,4.5,-123.5,2,0,0,0
1790497101.577,1341,28687,-0.043,0.046,1.280,-10.1,13.2,-147.6,3,0,0,0
1790497101.597,1342,28707,-0.298,-0.042,1.092,-13.0,27.4,-150.3,1,0,0,0
1790497101.617,1343,28727,-0.079,-0.087,1.180,11.0,39.3,-158.9,2,0,0,0
1790497101.637,1344,28747,-0.102,0.001,1.202,40.3,49.1,-167.7,2,0,0,0
1790497101.671,1345,28768,-0.172,0.157,1.202,40.5,6.7,-162.8,2,0,0,0
1790497101.690,1346,28787,-0.148,0.132,1.022,12.6,-48.7,-148.4,2,0,0,0
1790497101.710,1347,28807,-0.073,0.091,1.058,2.4,-29.9,-136.2,2,0,0,0
1790497101.730,1348,28827,-0.169,0.002,1.179,12.3,-39.4,-124.9,2,0,0,0
1790497101.750,1349,28847,0.021,0.107,1.139,11.5,-46.5,-125.5,3,0,0,0
1790497101.748,1350,28867,0.212,0.227,1.283,2.5,-40.9,-143.7,2,0,0,0
1790497101.768,1351,28887,0.050,0.077,1.386,-4.2,-52.1,-140.1,2,0,0,0
1790497101.788,1352,28907,-0.179,-0.071,1.200,-3.7,-67.0,-108.7,4,0,0,0
1790497101.808,1353,28927,-0.124,-0.124,0.999,17.3,-42.0,-81.0,2,0,0,0
1790497101.828,1354,28947,0.177,-0.049,1.176,41.2,-34.4,-81.4,2,0,0,0
1790497101.860,1355,28967,0.162,0.112,1.173,36.9,-15.9,-62.7,3,0,0,0
1790497101.880,1356,28987,0.147,0.077,1.145,13.9,-17.2,-51.0,2,0,0,0
1790497101.900,1357,29007,0.040,0.028,1.207,4.4,-14.7,-33.1,2,0,0,0
1790497101.920,1358,29027,0.001,-0.027,1.149,5.3,7.4,7.3,2,0,0,0
1790497101.940,1359,29047,0.069,-0.012,1.127,2.6,21.9,25.2,2,0,0,0
1790497101.956,1360,29067,0.117,0.021,1.163,-8.3,11.0,28.3,2,0,0,0
1790497101.976,1361,29087,0.096,0.086,1.143,-21.4,14.7,28.7,2,0,0,0
1790497101.996,1362,29107,-0.077,0.069,1.215,-34.2,-4.1,44.5,2,0,0,0
1790497102.016,1363,29127,0.055,0.006,1.201,-41.1,-5.6,55.8,2,0,0,0
1790497102.036,1364,29147,0.096,0.002,1.272,-33.5,1.4,51.4,3,0,0,0
1790497102.052,1365,29167,0.068,0.027,1.233,-31.3,15.4,49.8,2,0,0,0
1790497102.072,1366,29187,0.083,0.029,1.201,-40.2,41.7,47.8,2,0,0,0
1790497102.092,1367,29207,-0.098,0.043,1.261,-44.5,37.1,40.0,4,0,0,0
1790497102.113,1368,29228,-0.074,-0.000,1.261,-40.5,10.8,41.0,2,0,0,0
1790497102.132,1369,29247,0.009,-0.067,1.246,-29.2,4.3,37.2,2,0,0,0
1790497102.168,1370,29267,0.014,-0.071,1.235,-22.6,2.8,26.2,3,0,0,0
1790497102.188,1371,29287,-0.019,-0.019,1.163,-22.3,-3.7,16.1,2,0,0,0
1790497102.208,1372,29307,-0.028,-0.027,1.142,-19.2,0.1,7.8,2,0,0,0
1790497102.228,1373,29327,0.007,-0.046,1.169,-8.4,-10.8,0.0,2,0,0,0
1790497102.248,1374,29347,0.032,-0.044,1.171,-1.0,-15.5,-4.0,2,0,0,0
1790497102.287,1375,29367,0.024,-0.089,1.151,-2.3,1.4,-1.3,1,0,0,0
1790497102.307,1376,29387,-0.019,-0.108,1.151,-4.3,9.1,-0.5,2,0,0,0
1790497102.327,1377,29407,-0.007,-0.105,1.198,-1.7,0.2,-5.6,3,0,0,0
1790497102.347,1378,29427,-0.007,-0.059,1.216,0.2,-7.6,-12.1,1,0,0,0
1790497102.367,1379,29447,-0.026,-0.007,1.164,-5.4,-4.6,-14.7,2,0,0,0
1790497102.362,1380,29467,0.030,-0.016,1.178,-18.1,0.9,-14.2,3,0,0,0
1790497102.382,1381,29487,0.044,-0.058,1.217,-21.7,3.7,-15.3,3,0,0,0
1790497102.402,1382,29507,0.021,-0.100,1.198,-17.7,2.5,-14.5,1,0,0,0
1790497102.422,1383,29527,0.020,-0.102,1.202,-10.6,-3.1,-14.6,2,0,0,0
1790497102.442,1384,29547,0.035,-0.076,1.193,-5.0,-3.8,-11.9,3,0,0,0
1790497102.462,1385,29567,0.036,-0.021,1.185,-2.3,1.8,-6.5,4,0,0,0
1790497102.482,1386,29587,0.038,-0.029,1.184,-3.1,5.3,-0.5,3,0,0,0
1790497102.502,1387,29607,0.035,-0.061,1.195,-1.0,5.5,0.7,2,0,0,0
1790497102.522,1388,29627,0.029,-0.069,1.218,1.4,2.5,0.5,4,0,0,0
1790497102.542,1389,29647,0.035,-0.050,1.213,1.8,0.8,1.9,2,0,0,0
1790497102.560,1390,29667,0.013,-0.037,1.209,0.5,1.2,5.0,2,0,0,0
1790497102.580,1391,29687,0.022,-0.038,1.214,-2.3,1.9,7.3,3,0,0,0
1790497102.600,1392,29707,0.020,-0.034,1.205,-5.3,3.9,8.8,2,0,0,0
1790497102.620,1393,29727,0.042,-0.035,1.218,-6.4,6.2,9.4,3,0,0,0
1790497102.640,1394,29747,0.035,-0.035,1.230,-5.5,-1.4,7.1,2,0,0,0
1790497102.711,1395,29768,0.014,-0.042,1.214,-3.1,-8.6,5.3,3,0,0,0
1790497102.730,1396,29787,0.008,-0.053,1.200,0.8,-5.7,6.4,2,0,0,0
1790497102.750,1397,29807,0.018,-0.038,1.187,2.7,-1.0,6.4,3,0,0,0
1790497102.770,1398,29827,0.028,-0.008,1.171,2.4,3.1,5.7,2,0,0,0
1790497102.790,1399,29847,0.033,-0.010,1.170,1.1,0.9,4.1,3,0,0,0
1790497102.752,1400,29867,0.022,-0.045,1.191,2.5,-6.6,-0.2,3,0,0,0
1790497102.772,1401,29887,0.018,-0.036,1.176,4.0,-7.5,-1.2,2,0,0,0
1790497102.792,1402,29907,0.018,0.003,1.175,4.1,-2.8,-0.5,2,0,0,0
1790497102.812,1403,29927,0.026,-0.006,1.191,1.7,-1.8,1.5,3,0,0,0
1790497102.832,1404,29947,0.015,-0.027,1.209,1.3,3.3,3.5,2,0,0,0
1790497102.859,1405,29968,0.012,-0.024,1.196,-0.1,3.7,3.1,2,0,0,0
1790497102.878,1406,29987,0.039,-0.022,1.215,-1.2,-3.8,-0.7,2,0,0,0
1790497102.898,1407,30007,0.032,-0.004,1.203,-1.6,-11.4,-3.0,2,0,0,0
1790497102.918,1408,30027,0.027,0.002,1.185,-2.9,-11.0,-2.3,3,0,0,0
1790497102.938,1409,30047,0.018,-0.011,1.174,-4.7,-11.6,-0.7,2,0,0,0
1790497102.958,1410,30068,0.018,-0.022,1.172,-6.0,-16.4,3.0,2,0,0,0
1790497102.977,1411,30087,0.084,-0.057,1.229,-6.1,-20.1,5.6,2,0,0,0
1790497102.997,1412,30107,0.076,0.013,1.262,-5.4,-24.7,5.9,3,0,0,0
1790497103.017,1413,30127,0.079,-0.005,1.269,-5.8,-57.7,3.5,3,0,0,0
1790497103.037,1414,30147,0.092,0.015,1.286,-4.3,-107.6,-3.4,3,0,0,0
1790497103.068,1415,30167,0.173,0.009,1.226,-10.7,-141.3,-3.8,2,0,0,0
1790497103.088,1416,30187,0.222,-0.026,1.192,-10.5,-134.9,-5.3,3,0,0,0
1790497103.108,1417,30207,0.288,0.001,1.263,-6.0,-169.1,-15.5,2,0,0,0
1790497103.128,1418,30227,0.314,-0.013,1.221,-9.4,-212.9,-26.3,4,0,0,0
1790497103.148,1419,30247,0.338,-0.064,1.123,-9.1,-202.3,-18.2,5,0,0,0
1790497103.160,1420,30268,0.433,-0.146,1.103,-2.7,-178.8,-12.0,3,0,0,0
1790497103.179,1421,30287,0.509,-0.059,1.070,7.2,-153.5,-7.2,2,0,0,0
1790497103.199,1422,30307,0.516,0.022,1.004,13.4,-117.4,-6.5,2,0,0,0
1790497103.219,1423,30327,0.525,0.063,0.935,13.4,-71.6,-1.9,2,0,0,0
1790497103.240,1424,30348,0.617,0.070,0.862,13.1,1.3,9.9,3,0,0,0
1790497103.259,1425,30367,0.595,0.017,0.857,11.9,91.5,24.9,2,0,0,0
1790497103.279,1426,30387,0.625,0.007,0.922,0.5,148.0,25.9,2,0,0,0
1790497103.299,1427,30407,0.563,-0.014,1.087,-6.3,203.5,28.4,3,0,0,0
1790497103.319,1428,30427,0.376,-0.054,1.188,-3.0,233.3,37.9,3,0,0,0
1790497103.339,1429,30447,0.257,0.011,1.155,2.2,262.9,46.1,3,0,0,0
1790497103.372,1430,30467,0.145,0.042,1.163,-1.4,298.9,55.9,3,0,0,0
1790497103.392,1431,30487,0.177,0.095,1.333,-14.2,288.3,48.8,2,0,0,0
1790497103.412,1432,30507,0.130,0.108,1.280,-34.1,225.3,28.6,1,0,0,0
1790497103.432,1433,30527,-0.078,0.015,1.283,-51.8,171.0,26.7,3,0,0,0
1790497103.452,1434,30547,-0.065,-0.135,1.227,-41.4,121.6,25.8,2,0,0,0
1790497103.453,1435,30568,-0.046,-0.178,1.174,-18.8,145.6,30.9,2,0,0,0
1790497103.472,1436,30587,-0.198,-0.079,1.095,-6.5,190.8,33.1,3,0,0,0
1790497103.492,1437,30607,-0.322,0.084,1.058,-18.8,177.0,28.2,1,0,0,0
1790497103.512,1438,30627,-0.393,-0.018,1.207,-36.8,135.1,26.6,3,0,0,0
1790497103.532,1439,30647,-0.328,-0.120,1.277,-42.1,119.8,26.1,3,0,0,0
1790497103.561,1440,30668,-0.379,-0.085,1.144,-44.4,142.0,25.9,2,0,0,0
1790497103.580,1441,30687,-0.389,-0.004,1.026,-52.2,150.0,20.3,2,0,0,0
1790497103.600,1442,30707,-0.374,0.019,0.956,-58.4,156.2,14.5,3,0,0,0
1790497103.620,1443,30727,-0.563,-0.095,0.993,-54.2,148.2,18.4,2,0,0,0
1790497103.640,1444,30747,-0.621,-0.145,1.046,-44.6,122.4,22.0,2,0,0,0
1790497103.657,1445,30768,-0.630,-0.065,0.963,-34.5,121.5,19.0,1,0,0,0
1790497103.676,1446,30787,-0.636,-0.055,0.878,-26.7,132.5,12.6,2,0,0,0
1790497103.696,1447,30807,-0.664,-0.059,0.829,-23.8,115.3,6.4,4,0,0,0
1790497103.716,1448,30827,-0.660,-0.110,0.882,-16.0,64.8,-1.3,2,0,0,0
1790497103.736,1449,30847,-0.702,-0.161,0.939,-6.8,-7.9,-12.0,3,0,0,0
1790497103.753,1450,30868,-0.683,-0.085,0.934,-2.8,-80.4,-25.2,1,0,0,0
1790497103.772,1451,30887,-0.634,-0.001,0.890,-0.2,-121.7,-32.3,2,0,0,0
1790497103.792,1452,30907,-0.576,-0.083,0.896,0.3,-126.5,-25.7,2,0,0,0
1790497103.812,1453,30927,-0.451,-0.142,0.995,13.8,-125.1,-23.5,5,0,0,0
1790497103.832,1454,30947,-0.485,-0.084,1.093,18.8,-206.6,-42.2,2,0,0,0
1790497103.866,1455,30967,-0.524,-0.107,1.127,11.3,-316.1,-63.6,1,0,0,0
1790497103.886,1456,30987,-0.478,-0.170,1.102,4.3,-325.2,-52.7,3,0,0,0
1790497103.906,1457,31007,-0.324,-0.198,0.984,10.0,-253.6,-29.4,5,0,0,0
1790497103.926,1458,31027,-0.106,-0.203,0.966,25.0,-208.2,-22.8,3,0,0,0
1790497103.946,1459,31047,-0.037,-0.109,1.007,44.7,-183.0,-31.7,3,0,0,0
1790497103.955,1460,31068,-0.026,-0.118,1.139,49.8,-201.5,-46.5,2,0,0,0
1790497103.974,1461,31087,0.059,-0.137,1.208,47.3,-193.5,-46.4,3,0,0,0
1790497103.994,1462,31107,0.204,-0.077,1.177,46.3,-146.7,-35.5,2,0,0,0
1790497104.014,1463,31127,0.197,-0.016,1.185,39.5,-121.2,-28.4,1,0,0,0
1790497104.034,1464,31147,0.209,-0.008,1.208,29.2,-129.0,-31.4,2,0,0,0
1790497104.056,1465,31167,0.254,-0.021,1.174,22.7,-134.1,-33.6,2,0,0,0
1790497104.076,1466,31187,0.282,-0.025,1.113,22.7,-90.1,-23.8,3,0,0,0
1790497104.096,1467,31207,0.336,-0.013,1.135,24.0,-41.5,-13.2,3,0,0,0
1790497104.116,1468,31227,0.357,0.020,1.247,23.4,-50.4,-16.2,2,0,0,0
1790497104.136,1469,31247,0.397,0.022,1.227,20.9,-85.5,-20.4,2,0,0,0
1790497104.168,1470,31267,0.436,0.035,1.139,22.8,-67.2,-8.8,5,0,0,0
1790497104.188,1471,31287,0.433,0.050,1.091,22.4,-24.4,5.0,2,0,0,0
1790497104.208,1472,31307,0.456,0.037,1.108,16.2,32.2,17.8,2,0,0,0
1790497104.228,1473,31327,0.425,0.055,1.134,3.0,108.6,33.8,2,0,0,0
1790497104.248,1474,31347,0.315,0.106,1.215,-13.5,168.0,49.2,2,0,0,0
1790497104.263,1475,31368,0.283,0.059,1.332,-29.1,147.5,43.3,2,0,0,0
1790497104.282,1476,31387,0.300,-0.014,1.326,-35.8,102.6,32.4,1,0,0,0
1790497104.302,1477,31407,0.250,-0.018,1.170,-38.7,128.1,37.0,3,0,0,0
1790497104.322,1478,31427,0.184,-0.001,1.125,-38.0,191.2,38.4,2,0,0,0
1790497104.342,1479,31447,0.021,-0.021,1.171,-39.6,258.4,48.1,2,0,0,0
1790497104.359,1480,31468,-0.115,-0.049,1.175,-38.8,282.8,46.4,2,0,0,0
1790497104.378,1481,31487,-0.180,-0.050,1.208,-40.7,267.3,39.5,2,0,0,0
1790497104.398,1482,31507,-0.193,-0.038,1.227,-46.2,247.9,31.8,2,0,0,0
1790497104.418,1483,31527,-0.308,-0.082,1.274,-48.1,241.1,27.6,2,0,0,0
1790497104.438,1484,31547,-0.374,-0.051,1.244,-50.5,207.8,16.3,2,0,0,0
1790497104.472,1485,31568,-0.362,0.024,1.116,-54.7,156.9,2.7,3,0,0,0
1790497104.491,1486,31587,-0.498,-0.014,0.931,-60.5,114.6,1.8,2,0,0,0
1790497104.511,1487,31607,-0.525,-0.144,0.868,-54.7,113.7,5.7,2,0,0,0
1790497104.531,1488,31627,-0.596,-0.230,1.007,-41.6,146.0,20.4,2,0,0,0
1790497104.551,1489,31647,-0.615,-0.176,1.028,-35.2,147.6,28.4,3,0,0,0
1790497104.558,1490,31667,-0.614,-0.099,0.977,-32.2,136.5,22.8,2,0,0,0
1790497104.578,1491,31687,-0.643,-0.077,0.887,-32.2,127.9,13.3,2,0,0,0
1790497104.598,1492,31707,-0.680,-0.057,0.777,-35.5,108.7,4.0,5,0,0,0
1790497104.618,1493,31727,-0.716,-0.111,0.741,-33.9,95.3,3.0,2,0,0,0
1790497104.638,1494,31747,-0.673,-0.148,0.780,-21.0,66.3,3.6,3,0,0,0
1790497104.646,1495,31767,-0.628,-0.134,0.801,-11.2,27.0,-0.3,3,0,0,0
1790497104.666,1496,31787,-0.722,-0.088,0.785,-14.1,-2.7,-2.7,1,0,0,0
1790497104.686,1497,31807,-0.759,-0.122,0.752,-21.4,-12.0,-2.1,2,0,0,0
1790497104.706,1498,31827,-0.762,-0.177,0.776,-17.0,-21.7,-2.4,2,0,0,0
1790497104.726,1499,31847,-0.657,-0.141,0.814,-5.7,-59.0,-9.7,2,0,0,0
1790497104.774,1500,31867,-0.692,-0.119,0.851,1.7,-111.1,-18.6,3,0,0,0
1790497104.794,1501,31887,-0.697,-0.141,0.897,9.1,-148.9,-23.5,2,0,0,0
1790497104.814,1502,31907,-0.642,-0.182,0.907,22.0,-169.8,-27.2,3,0,0,0
1790497104.834,1503,31927,-0.548,-0.155,0.953,31.2,-203.0,-34.9,1,0,0,0
1790497104.854,1504,31947,-0.513,-0.107,0.975,31.3,-266.6,-37.9,2,0,0,0
1790497104.871,1505,31968,-0.422,-0.160,1.073,24.7,-300.3,-31.6,5,0,0,0
1790497104.890,1506,31987,-0.310,-0.168,1.086,23.9,-276.4,-15.1,3,0,0,0
1790497104.910,1507,32007,-0.240,-0.128,1.057,28.5,-222.7,-7.4,1,0,0,0
1790497104.930,1508,32027,-0.171,-0.119,1.063,33.8,-203.2,-8.8,1,0,0,0
1790497104.950,1509,32047,-0.213,-0.131,1.093,35.9,-241.0,-20.8,2,0,0,0
1790497104.968,1510,32068,-0.080,-0.161,1.057,39.0,-236.8,-27.3,1,0,0,0
1790497104.987,1511,32087,0.118,-0.177,1.069,53.2,-159.5,-14.4,1,0,0,0
1790497105.007,1512,32107,0.209,-0.062,1.179,61.7,-93.0,-7.6,1,0,0,0
1790497105.027,1513,32127,0.212,0.073,1.246,46.2,-107.3,-14.3,3,0,0,0
1790497105.047,1514,32147,0.231,0.035,1.227,25.9,-128.6,-21.8,2,0,0,0
1790497105.065,1515,32168,0.264,-0.017,1.140,17.9,-108.6,-19.7,2,0,0,0
1790497105.084,1516,32187,0.279,-0.016,1.099,20.2,-47.7,-8.7,1,0,0,0
1790497105.104,1517,32207,0.282,0.026,1.112,20.0,0.9,-2.0,2,0,0,0
1790497105.124,1518,32227,0.261,0.008,1.183,16.5,20.8,1.6,2,0,0,0
1790497105.144,1519,32247,0.269,-0.000,1.204,15.4,45.8,3.7,1,0,0,0
1790497105.158,1520,32267,0.202,0.007,1.263,11.5,71.1,16.1,2,0,0,0
1790497105.178,1521,32287,0.201,0.046,1.280,1.4,88.0,24.8,2,0,0,0
1790497105.198,1522,32307,0.183,0.054,1.248,-10.7,119.1,31.1,2,0,0,0
1790497105.218,1523,32327,0.164,-0.003,1.269,-22.3,157.4,36.8,2,0,0,0
1790497105.238,1524,32347,0.081,-0.056,1.250,-26.8,204.7,42.3,2,0,0,0
1790497105.263,1525,32367,-0.084,0.019,1.255,-26.9,219.4,39.8,3,0,0,0
1790497105.283,1526,32387,-0.088,0.023,1.271,-32.7,188.9,25.2,3,0,0,0
1790497105.303,1527,32407,-0.107,0.014,1.210,-39.2,171.1,16.3,1,0,0,0
1790497105.323,1528,32427,-0.231,-0.032,1.131,-41.9,184.6,14.6,2,0,0,0
1790497105.343,1529,32447,-0.311,-0.059,1.126,-40.5,202.5,14.4,1,0,0,0
1790497105.355,1530,32468,-0.390,-0.069,1.193,-38.7,193.1,10.5,1,0,0,0
1790497105.374,1531,32487,-0.457,-0.079,1.177,-35.3,170.6,4.8,2,0,0,0
1790497105.394,1532,32507,-0.502,-0.043,1.157,-35.2,135.8,0.7,2,0,0,0
1790497105.414,1533,32527,-0.481,-0.023,1.104,-40.2,76.1,-6.8,3,0,0,0
1790497105.434,1534,32547,-0.457,-0.026,1.019,-43.1,30.3,-12.3,2,0,0,0
1790497105.466,1535,32567,-0.519,-0.068,0.977,-41.5,7.1,-13.8,2,0,0,0
1790497105.486,1536,32587,-0.485,-0.102,1.028,-38.1,-19.5,-18.5,2,0,0,0
1790497105.507,1537,32608,-0.479,-0.065,1.016,-35.4,-49.6,-25.0,2,0,0,0
1790497105.526,1538,32627,-0.432,-0.082,0.962,-32.4,-75.9,-30.6,4,0,0,0
1790497105.546,1539,32647,-0.387,-0.108,0.923,-22.1,-85.1,-28.0,3,0,0,0
1790497105.561,1540,32668,-0.453,-0.129,0.972,-12.7,-96.1,-19.0,3,0,0,0
1790497105.580,1541,32687,-0.441,-0.149,0.995,-9.3,-102.2,-11.2,3,0,0,0
1790497105.600,1542,32707,-0.318,-0.125,1.031,-7.3,-106.7,-17.7,2,0,0,0
1790497105.620,1543,32727,-0.265,-0.153,1.114,-2.7,-140.9,-32.9,2,0,0,0
1790497105.640,1544,32747,-0.263,-0.168,1.129,-3.3,-171.2,-38.6,2,0,0,0
1790497105.656,1545,32767,-0.154,-0.210,1.199,-8.1,-160.4,-34.2,2,0,0,0
1790497105.676,1546,32787,-0.112,-0.246,1.140,-8.4,-123.8,-25.7,4,0,0,0
1790497105.696,1547,32807,-0.131,-0.149,1.086,-5.6,-92.7,-27.2,2,0,0,0
1790497105.716,1548,32827,-0.054,-0.179,1.224,-4.8,-100.1,-38.0,2,0,0,0
1790497105.736,1549,32847,0.132,-0.229,1.478,-17.5,-107.6,-41.5,2,0,0,0
1790497105.754,1550,32867,0.181,-0.208,1.491,-46.2,-85.2,-28.2,2,0,0,0
1790497105.774,1551,32887,0.056,-0.131,1.282,-72.0,-66.8,-23.4,3,0,0,0
1790497105.794,1552,32907,-0.003,-0.151,1.145,-81.5,-37.0,-23.0,3,0,0,0
1790497105.814,1553,32927,0.030,-0.323,1.151,-71.8,-5.3,-21.4,3,0,0,0
1790497105.834,1554,32947,0.070,-0.411,1.143,-44.6,24.9,-19.9,3,0,0,0
1790497105.865,1555,32968,0.061,-0.340,1.072,-12.3,32.8,-26.6,2,0,0,0
1790497105.884,1556,32987,0.077,-0.264,1.059,16.6,18.7,-35.9,2,0,0,0
1790497105.904,1557,33007,0.022,-0.199,1.029,35.9,-9.7,-35.8,2,0,0,0
1790497105.924,1558,33027,0.039,-0.203,0.991,50.9,-20.2,-29.8,2,0,0,0
1790497105.944,1559,33047,0.120,-0.215,1.001,69.1,-12.2,-22.7,2,0,0,0
1790497105.958,1560,33067,0.100,-0.193,0.969,93.0,19.7,-9.7,35,0,0,0
1790497105.978,1561,33087,0.073,-0.122,1.018,108.3,33.9,2.2,2,0,0,0
1790497105.998,1562,33107,0.088,-0.081,1.109,111.8,41.6,14.3,3,0,0,0
1790497106.018,1563,33127,0.099,0.002,1.159,103.0,52.5,26.2,2,0,0,0
1790497106.038,1564,33147,0.053,0.077,1.208,82.2,62.4,31.4,3,0,0,0
1790497106.055,1565,33168,0.037,0.098,1.283,53.9,66.7,26.7,3,0,0,0
1790497106.074,1566,33187,0.038,0.031,1.423,21.1,47.0,18.3,3,0,0,0
1790497106.094,1567,33207,-0.016,-0.047,1.484,-4.9,15.5,12.0,2,0,0,0
1790497106.114,1568,33227,0.011,-0.062,1.461,-23.2,3.3,5.8,2,0,0,0
1790497106.134,1569,33247,-0.034,-0.002,1.389,-41.4,5.4,10.1,2,0,0,0
1790497106.170,1570,33268,-0.045,0.043,1.370,-58.1,16.2,12.9,3,0,0,0
1790497106.189,1571,33287,-0.021,0.015,1.329,-74.4,-3.3,5.5,3,0,0,0
1790497106.209,1572,33307,-0.079,0.011,1.199,-86.7,-17.4,2.1,2,0,0,0
1790497106.229,1573,33327,-0.092,-0.068,1.100,-93.4,-23.0,2.0,2,0,0,0
1790497106.249,1574,33347,-0.061,-0.169,1.082,-92.5,-15.2,8.1,3,0,0,0
1790497106.249,1575,33367,-0.063,-0.246,1.069,-84.5,5.0,11.3,4,0,0,0
1790497106.269,1576,33387,-0.130,-0.269,1.062,-75.6,11.6,14.3,2,0,0,0
1790497106.289,1577,33407,-0.086,-0.321,1.068,-62.3,0.2,12.5,4,0,0,0
1790497106.309,1578,33427,-0.001,-0.350,1.087,-43.4,-7.3,6.2,2,0,0,0
1790497106.329,1579,33447,-0.013,-0.350,1.136,-26.5,-6.3,3.1,2,0,0,0
1790497106.350,1580,33467,-0.046,-0.361,1.125,-12.0,-12.8,1.2,3,0,0,0
1790497106.370,1581,33487,-0.102,-0.314,1.082,-0.1,-14.2,-2.9,3,0,0,0
1790497106.390,1582,33507,-0.104,-0.202,0.996,9.2,-6.6,-6.9,2,0,0,0
1790497106.410,1583,33527,-0.033,-0.138,0.985,15.6,2.3,-7.5,3,0,0,0
1790497106.430,1584,33547,0.047,-0.106,1.030,23.8,9.5,-5.8,4,0,0,0
1790497106.462,1585,33567,0.076,-0.112,1.040,35.2,4.8,-4.9,2,0,0,0
1790497106.482,1586,33587,-0.004,-0.145,1.071,49.1,0.1,-5.5,3,0,0,0
1790497106.502,1587,33607,0.015,-0.143,1.172,58.0,-6.7,-14.6,2,0,0,0
1790497106.522,1588,33627,0.006,-0.056,1.275,52.0,2.3,-18.6,3,0,0,0
1790497106.542,1589,33647,0.019,-0.028,1.253,33.7,5.7,-14.6,3,0,0,0
1790497106.558,1590,33667,0.017,-0.007,1.213,17.0,7.1,-10.2,2,0,0,0
1790497106.578,1591,33687,0.024,-0.061,1.176,9.5,13.4,-3.1,2,0,0,0
1790497106.598,1592,33707,0.004,-0.091,1.169,11.4,24.0,3.1,4,0,0,0
1790497106.619,1593,33728,-0.036,-0.092,1.210,14.3,21.4,3.7,2,0,0,0
1790497106.638,1594,33747,-0.008,-0.122,1.251,19.0,6.5,0.1,1,0,0,0
1790497106.671,1595,33768,0.022,-0.107,1.279,23.7,1.0,0.1,2,0,0,0
1790497106.690,1596,33787,0.002,-0.051,1.257,25.4,-2.9,3.7,2,0,0,0
1790497106.710,1597,33807,-0.015,-0.029,1.247,22.7,-3.1,7.0,2,0,0,0
1790497106.730,1598,33827,0.021,-0.059,1.288,19.8,-3.6,8.1,3,0,0,0
1790497106.750,1599,33847,0.062,-0.082,1.387,23.5,-10.5,6.8,2,0,0,0
1790497106.751,1600,33868,-0.000,0.027,1.447,23.2,-22.0,-0.9,1,0,0,0
1790497106.770,1601,33887,0.030,0.075,1.460,9.0,-33.7,-3.5,3,0,0,0
1790497106.790,1602,33907,0.092,-0.022,1.442,-6.7,-37.7,-3.4,2,0,0,0
1790497106.810,1603,33927,0.122,-0.086,1.384,-14.2,-27.2,-2.3,3,0,0,0
1790497106.830,1604,33947,0.121,-0.093,1.369,-12.3,-10.9,1.6,2,0,0,0
1790497106.913,1605,33967,0.030,0.033,1.378,-12.5,-4.1,5.6,3,0,0,0
1790497106.933,1606,33987,-0.012,0.067,1.319,-23.0,-9.8,4.1,3,0,0,0
1790497106.953,1607,34007,-0.008,-0.003,1.213,-31.7,-18.2,4.4,2,0,0,0
1790497106.973,1608,34027,-0.077,-0.004,1.052,-35.8,-5.5,8.6,2,0,0,0
1790497106.993,1609,34047,-0.145,-0.066,0.811,-36.2,17.8,11.3,2,0,0,0
1790497106.959,1610,34068,-0.128,-0.087,0.699,-23.2,45.6,13.0,2,0,0,0
1790497106.978,1611,34087,0.013,-0.103,0.805,-9.9,47.3,11.5,2,0,0,0
1790497106.998,1612,34107,0.071,-0.034,0.747,8.4,34.2,14.9,2,0,0,0
1790497107.018,1613,34127,-0.026,-0.025,0.827,28.2,15.5,15.6,2,0,0,0
1790497107.038,1614,34147,-0.025,-0.093,1.100,40.3,-0.5,5.3,4,0,0,0
1790497107.070,1615,34168,0.048,-0.094,1.299,39.0,3.8,4.6,3,0,0,0
1790497107.089,1616,34187,-0.011,-0.027,1.331,28.7,15.0,8.0,3,0,0,0
1790497107.109,1617,34207,-0.010,0.016,1.320,21.6,11.8,3.5,2,0,0,0
1790497107.129,1618,34227,-0.065,0.053,1.291,18.1,-0.2,-7.4,1,0,0,0
1790497107.149,1619,34247,-0.056,0.039,1.255,18.6,-3.7,-12.9,3,0,0,0
1790497107.166,1620,34268,-0.015,0.052,1.221,16.9,3.3,-11.0,3,0,0,0
1790497107.185,1621,34287,-0.019,0.019,1.200,16.1,14.0,-7.0,3,0,0,0
1790497107.205,1622,34307,-0.049,0.014,1.185,13.9,12.6,-8.6,2,0,0,0
1790497107.225,1623,34327,0.065,0.091,1.577,-38.1,7.4,-2.4,1,0,0,0
1790497107.245,1624,34347,-0.128,-0.026,1.184,-37.7,5.3,-4.4,3,0,0,0
1790497107.267,1625,34368,-0.082,0.002,1.153,-31.2,8.0,-4.8,3,0,0,0
1790497107.286,1626,34387,-0.075,0.001,1.220,-28.4,16.8,-8.9,2,0,0,0
1790497107.306,1627,34407,0.042,-0.086,1.269,-23.9,10.1,-9.2,2,0,0,0
1790497107.326,1628,34427,0.163,0.088,1.223,-14.8,2.5,-5.9,2,0,0,0
1790497107.346,1629,34447,-0.007,-0.025,1.182,-18.8,-12.8,-5.1,2,0,0,0
1790497107.360,1630,34467,-0.088,0.035,1.113,-21.4,-2.1,-8.9,2,0,0,0
1790497107.380,1631,34487,-0.022,-0.059,1.262,-14.8,-10.1,-16.6,3,0,0,0
1790497107.400,1632,34507,0.087,-0.033,1.235,-7.6,-23.8,-15.7,2,0,0,0
1790497107.420,1633,34527,-0.051,-0.031,1.136,1.1,-1.6,-10.7,2,0,0,0
1790497107.440,1634,34547,0.005,-0.029,1.156,1.6,-11.0,-10.1,2,0,0,0
1790497107.469,1635,34567,0.005,-0.005,1.206,-6.6,-25.7,-2.7,2,0,0,0
1790497107.489,1636,34587,-0.035,0.023,1.179,-13.8,-47.1,0.0,2,0,0,0
1790497107.509,1637,34607,0.037,-0.117,1.187,-18.8,-67.5,-1.8,1,0,0,0
1790497107.529,1638,34627,0.139,-0.251,0.779,-6.0,-16.3,-3.6,2,0,0,0
1790497107.549,1639,34647,0.100,-0.053,0.453,55.5,52.2,5.2,2,0,0,0
1790497107.565,1640,34667,0.002,0.197,1.224,-63.1,-280.7,4.4,2,0,0,0
1790497107.585,1641,34687,-0.499,-0.168,1.548,-5.7,20.7,-9.8,2,0,0,0
1790497107.605,1642,34707,0.034,0.028,1.220,-5.8,2.4,-13.3,2,0,0,0
1790497107.625,1643,34727,-0.024,0.103,1.201,-6.2,1.8,-7.7,2,0,0,0
1790497107.645,1644,34747,0.058,-0.068,1.186,-4.0,-4.1,-1.0,2,0,0,0
1790497107.648,1645,34767,0.036,-0.010,1.217,-6.4,2.0,1.9,2,0,0,0
1790497107.668,1646,34787,0.032,-0.012,1.226,-6.1,1.1,1.9,2,0,0,0
1790497107.688,1647,34807,0.035,-0.008,1.200,-6.1,1.4,1.9,2,0,0,0
1790497107.708,1648,34827,0.037,-0.006,1.186,-6.1,1.2,2.0,2,0,0,0
1790497107.729,1649,34848,0.036,-0.005,1.199,-6.1,1.4,1.9,1,0,0,0
1790497107.764,1650,34868,0.039,-0.009,1.210,-6.2,1.3,1.9,1,0,0,0
1790497107.783,1651,34887,0.034,-0.010,1.210,-6.1,1.2,1.9,2,0,0,0
1790497107.803,1652,34907,0.036,-0.010,1.190,-6.2,1.2,1.9,3,0,0,0
1790497107.823,1653,34927,0.037,-0.005,1.185,-6.1,1.2,2.0,3,0,0,0
1790497107.843,1654,34947,-0.009,-0.011,1.224,-5.2,-0.8,2.0,2,0,0,0
1790497107.858,1655,34968,0.066,-0.002,1.195,-6.4,2.2,1.9,6,0,0,0
1790497107.877,1656,34987,0.023,-0.010,1.209,-6.4,1.7,1.9,1,0,0,0
1790497107.897,1657,35007,0.036,-0.005,1.186,-6.1,1.2,1.9,2,0,0,0
1790497107.917,1658,35027,0.036,-0.008,1.193,-6.2,1.3,1.9,2,0,0,0
1790497107.937,1659,35047,0.038,-0.010,1.205,-6.2,1.5,1.9,1,0,0,0
1790497107.970,1660,35068,0.039,-0.011,1.206,-6.2,1.3,1.9,2,0,0,0
1790497107.989,1661,35087,0.038,-0.008,1.192,-6.2,1.4,1.9,1,0,0,0
1790497108.009,1662,35107,0.032,-0.004,1.182,-6.0,1.2,2.0,2,0,0,0
1790497108.029,1663,35127,0.035,-0.009,1.196,-6.1,1.5,1.9,1,0,0,0
1790497108.049,1664,35147,0.038,-0.012,1.205,-6.2,1.3,1.9,1,0,0,0
1790497108.062,1665,35167,0.037,-0.012,1.204,-6.1,1.3,1.9,2,0,0,0
1790497108.082,1666,35187,0.037,-0.004,1.193,-6.2,1.4,2.0,2,0,0,0
1790497108.102,1667,35207,0.037,-0.004,1.190,-6.2,1.3,2.0,2,0,0,0
1790497108.122,1668,35227,0.041,-0.008,1.199,-6.2,1.7,1.9,2,0,0,0
1790497108.142,1669,35247,0.035,-0.013,1.198,-6.3,1.7,1.8,2,0,0,0
1790497108.157,1670,35268,0.039,-0.007,1.191,-6.2,1.6,1.9,2,0,0,0
1790497108.176,1671,35287,0.035,-0.006,1.190,-6.1,1.2,2.0,1,0,0,0
1790497108.196,1672,35307,0.038,-0.010,1.201,-6.2,1.7,1.9,1,0,0,0
1790497108.216,1673,35327,0.031,-0.010,1.206,-5.9,0.8,2.0,2,0,0,0
1790497108.236,1674,35347,0.038,-0.010,1.196,-6.2,1.4,1.8,2,0,0,0
1790497108.254,1675,35367,0.036,-0.005,1.189,-6.2,1.3,1.9,2,0,0,0
1790497108.274,1676,35387,0.034,-0.008,1.195,-6.1,1.4,2.0,2,0,0,0
1790497108.294,1677,35407,0.038,-0.010,1.202,-6.2,1.6,1.9,2,0,0,0
1790497108.314,1678,35427,0.038,-0.011,1.209,-6.1,1.2,1.9,2,0,0,0
1790497108.334,1679,35447,0.034,-0.008,1.192,-6.1,1.3,1.9,3,0,0,0
1790497108.352,1680,35467,0.038,-0.005,1.189,-6.2,1.4,1.9,2,0,0,0
1790497108.372,1681,35487,0.037,-0.007,1.200,-6.2,1.4,2.0,1,0,0,0
1790497108.392,1682,35507,0.037,-0.012,1.206,-6.2,1.4,2.0,3,0,0,0
1790497108.412,1683,35527,0.036,-0.008,1.197,-6.2,1.3,1.9,2,0,0,0
1790497108.432,1684,35547,0.034,-0.006,1.189,-6.1,1.3,2.0,2,0,0,0
1790497108.462,1685,35567,0.035,-0.007,1.195,-6.2,1.5,2.0,2,0,0,0
1790497108.482,1686,35587,0.038,-0.010,1.204,-6.1,1.4,1.9,1,0,0,0
1790497108.502,1687,35607,0.037,-0.009,1.207,-6.2,1.3,1.9,2,0,0,0
1790497108.522,1688,35627,0.035,-0.005,1.192,-6.2,1.4,1.9,2,0,0,0
1790497108.542,1689,35647,0.034,-0.004,1.194,-6.2,1.4,1.9,2,0,0,0
1790497108.555,1690,35668,0.038,-0.010,1.200,-6.1,1.4,1.9,3,0,0,0
1790497108.574,1691,35687,0.039,-0.009,1.202,-6.1,1.3,1.9,2,0,0,0
1790497108.594,1692,35707,0.038,-0.007,1.196,-6.2,1.3,2.0,1,0,0,0
1790497108.614,1693,35727,0.034,-0.006,1.190,-6.2,1.4,2.0,1,0,0,0
1790497108.634,1694,35747,0.036,-0.008,1.195,-6.2,1.4,1.9,2,0,0,0
1790497108.655,1695,35768,0.038,-0.008,1.205,-6.2,1.4,2.0,2,0,0,0
1790497108.674,1696,35787,0.038,-0.014,1.199,-6.2,1.4,1.8,1,0,0,0
1790497108.694,1697,35807,0.038,-0.005,1.186,-6.1,1.4,1.9,2,0,0,0
1790497108.714,1698,35827,0.035,-0.006,1.191,-6.2,1.4,1.9,2,0,0,0
1790497108.734,1699,35847,0.036,-0.010,1.206,-6.2,1.5,1.9,2,0,0,0
1790497108.763,1700,35867,0.037,-0.010,1.203,-6.1,1.4,1.9,5,0,0,0
1790497108.783,1701,35887,0.036,-0.007,1.197,-6.2,1.4,1.9,2,0,0,0
1790497108.803,1702,35907,0.038,-0.006,1.189,-6.2,1.4,1.9,1,0,0,0
1790497108.823,1703,35927,0.038,-0.007,1.194,-6.2,1.5,2.0,3,0,0,0
1790497108.843,1704,35947,0.038,-0.013,1.206,-6.2,1.5,2.0,1,0,0,0
1790497108.875,1705,35967,0.036,-0.009,1.201,-6.2,1.4,1.9,3,0,0,0
1790497108.896,1706,35988,0.039,-0.006,1.190,-6.1,1.4,1.9,2,0,0,0
1790497108.915,1707,36007,0.036,-0.006,1.187,-6.1,1.5,2.0,2,0,0,0
1790497108.935,1708,36027,0.038,-0.013,1.198,-6.2,1.5,1.9,2,0,0,0
1790497108.955,1709,36047,0.038,-0.009,1.201,-6.1,1.3,2.0,2,0,0,0
1790497108.955,1710,36067,0.039,-0.008,1.188,-6.2,1.4,1.9,2,0,0,0
1790497108.975,1711,36087,0.037,-0.003,1.190,-6.2,1.3,2.0,2,0,0,0
1790497108.995,1712,36107,0.038,-0.008,1.197,-6.2,1.4,1.9,1,0,0,0
1790497109.015,1713,36127,0.038,-0.013,1.203,-6.1,1.4,1.9,2,0,0,0
1790497109.035,1714,36147,0.036,-0.009,1.201,-6.2,1.3,1.9,2,0,0,0
1790497109.056,1715,36167,0.035,-0.008,1.187,-6.2,1.3,1.9,1,0,0,0
1790497109.076,1716,36187,0.035,-0.009,1.195,-6.1,1.4,2.0,2,0,0,0
1790497109.096,1717,36207,0.040,-0.009,1.200,-6.2,1.6,2.0,3,0,0,0
1790497109.116,1718,36227,0.039,-0.011,1.202,-6.1,1.3,1.9,2,0,0,0
1790497109.136,1719,36247,0.036,-0.007,1.191,-6.1,1.3,1.9,2,0,0,0
1790497109.149,1720,36267,0.038,-0.003,1.187,-6.1,1.5,1.9,2,0,0,0
1790497109.169,1721,36287,0.038,-0.007,1.201,-6.2,1.5,1.9,2,0,0,0
1790497109.189,1722,36307,0.039,-0.012,1.210,-6.2,1.4,1.9,2,0,0,0
1790497109.209,1723,36327,0.036,-0.009,1.196,-6.2,1.4,1.9,2,0,0,0
1790497109.229,1724,36347,0.038,-0.006,1.187,-6.2,1.3,2.0,2,0,0,0
1790497109.244,1725,36368,0.037,-0.005,1.194,-6.2,1.4,2.0,2,0,0,0
1790497109.263,1726,36387,0.038,-0.011,1.206,-6.2,1.4,1.9,1,0,0,0
1790497109.283,1727,36407,0.037,-0.009,1.204,-6.2,1.3,1.9,2,0,0,0
1790497109.303,1728,36427,0.038,-0.008,1.190,-6.2,1.3,1.9,2,0,0,0
1790497109.323,1729,36447,0.036,-0.003,1.191,-6.1,1.4,1.9,2,0,0,0
1790497109.357,1730,36467,0.038,-0.008,1.197,-6.1,1.5,1.9,3,0,0,0
1790497109.377,1731,36487,0.038,-0.010,1.201,-6.1,1.3,1.9,3,0,0,0
1790497109.397,1732,36507,0.037,-0.008,1.195,-6.2,1.3,2.0,2,0,0,0
1790497109.417,1733,36527,0.036,-0.005,1.187,-6.1,1.3,1.9,1,0,0,0
1790497109.437,1734,36547,0.037,-0.007,1.191,-6.2,1.5,2.0,2,0,0,0
1790497109.452,1735,36568,0.038,-0.011,1.202,-6.1,1.4,1.9,3,0,0,0
1790497109.471,1736,36587,0.036,-0.012,1.195,-6.1,1.3,1.9,2,0,0,0
1790497109.491,1737,36607,0.038,-0.005,1.188,-6.2,1.4,2.0,2,0,0,0
1790497109.511,1738,36627,0.038,-0.005,1.192,-6.1,1.4,2.0,1,0,0,0
1790497109.531,1739,36647,0.040,-0.011,1.203,-6.2,1.5,1.9,3,0,0,0
1790497109.570,1740,36668,0.036,-0.009,1.205,-6.2,1.4,1.9,2,0,0,0
1790497109.589,1741,36687,0.039,-0.007,1.195,-6.2,1.3,1.9,1,0,0,0
1790497109.609,1742,36707,0.039,-0.007,1.187,-6.2,1.4,1.9,4,0,0,0
1790497109.629,1743,36727,0.037,-0.010,1.199,-6.2,1.4,2.0,1,0,0,0
1790497109.649,1744,36747,0.035,-0.010,1.204,-6.2,1.4,1.9,2,0,0,0
1790497109.663,1745,36768,0.037,-0.009,1.205,-6.2,1.4,1.9,2,0,0,0
1790497109.682,1746,36787,0.035,-0.007,1.191,-6.1,1.4,2.0,2,0,0,0
1790497109.702,1747,36807,0.036,-0.004,1.191,-6.1,1.4,1.9,1,0,0,0
1790497109.722,1748,36827,0.038,-0.012,1.207,-6.2,1.4,1.9,1,0,0,0
1790497109.742,1749,36847,0.039,-0.010,1.209,-6.1,1.3,2.0,2,0,0,0
1790497109.772,1750,36868,0.036,-0.006,1.194,-6.1,1.3,1.9,2,0,0,0
1790497109.791,1751,36887,0.037,-0.004,1.187,-6.1,1.3,1.9,1,0,0,0
1790497109.811,1752,36907,0.037,-0.008,1.201,-6.2,1.4,1.9,1,0,0,0
1790497109.831,1753,36927,0.038,-0.010,1.204,-6.1,1.4,1.9,2,0,0,0
1790497109.851,1754,36947,0.038,-0.008,1.203,-6.2,1.3,1.9,2,0,0,0
1790497109.855,1755,36967,0.037,-0.007,1.189,-6.2,1.3,2.0,2,0,0,0
1790497109.875,1756,36987,0.037,-0.004,1.197,-6.1,1.3,1.9,2,0,0,0
1790497109.895,1757,37007,0.040,-0.011,1.198,-6.2,1.4,1.9,2,0,0,0
1790497109.915,1758,37027,0.039,-0.012,1.205,-6.2,1.4,1.9,2,0,0,0
1790497109.935,1759,37047,0.037,-0.008,1.193,-6.2,1.2,1.9,1,0,0,0
1790497109.948,1760,37067,0.037,-0.004,1.188,-6.1,1.4,2.0,1,0,0,0
1790497109.968,1761,37087,0.037,-0.006,1.198,-6.2,1.5,2.0,2,0,0,0
1790497109.989,1762,37108,0.039,-0.013,1.205,-6.2,1.4,2.0,2,0,0,0
1790497110.008,1763,37127,0.040,-0.010,1.200,-6.2,1.2,1.9,2,0,0,0
1790497110.028,1764,37147,0.038,-0.006,1.186,-6.1,1.4,1.9,2,0,0,0
1790497110.049,1765,37168,0.036,-0.006,1.194,-6.1,1.4,2.0,1,0,0,0
1790497110.068,1766,37187,0.036,-0.012,1.202,-6.2,1.4,1.9,2,0,0,0
1790497110.088,1767,37207,0.040,-0.011,1.205,-6.1,1.4,1.9,1,0,0,0
1790497110.108,1768,37227,0.036,-0.005,1.189,-6.1,1.4,1.9,1,0,0,0
1790497110.128,1769,37247,0.037,-0.008,1.190,-6.2,1.4,2.0,2,0,0,0
1790497110.156,1770,37267,0.037,-0.008,1.198,-6.1,1.4,2.0,1,0,0,0
1790497110.176,1771,37287,0.037,-0.011,1.209,-6.1,1.3,1.8,3,0,0,0
1790497110.196,1772,37307,0.039,-0.011,1.190,-6.2,1.3,1.9,1,0,0,0
1790497110.216,1773,37327,0.039,-0.005,1.187,-6.2,1.4,1.9,3,0,0,0
1790497110.236,1774,37347,0.036,-0.005,1.196,-6.2,1.5,1.9,2,0,0,0
1790497110.253,1775,37368,0.036,-0.011,1.206,-6.2,1.4,1.9,1,0,0,0
1790497110.272,1776,37387,0.036,-0.011,1.201,-6.2,1.3,1.9,2,0,0,0
1790497110.292,1777,37407,0.038,-0.007,1.195,-6.1,1.3,1.8,1,0,0,0
1790497110.312,1778,37427,0.036,-0.002,1.192,-6.1,1.4,2.0,2,0,0,0
1790497110.332,1779,37447,0.036,-0.008,1.197,-6.2,1.4,1.9,2,0,0,0
1790497110.347,1780,37467,0.039,-0.013,1.205,-6.2,1.4,2.0,1,0,0,0
1790497110.367,1781,37487,0.034,-0.010,1.198,-6.2,1.3,1.9,1,0,0,0
1790497110.387,1782,37507,0.035,-0.004,1.189,-6.2,1.4,1.9,2,0,0,0
1790497110.407,1783,37527,0.035,-0.008,1.192,-6.2,1.5,1.9,2,0,0,0
1790497110.427,1784,37547,0.035,-0.010,1.202,-6.2,1.4,2.0,2,0,0,0
1790497110.464,1785,37568,0.038,-0.011,1.201,-6.2,1.3,1.9,1,0,0,0
1790497110.483,1786,37587,0.034,-0.005,1.191,-6.2,1.2,1.9,1,0,0,0
1790497110.503,1787,37607,0.037,-0.005,1.191,-6.1,1.4,1.9,4,0,0,0
1790497110.523,1788,37627,0.031,-0.008,1.198,-6.1,1.5,1.9,3,0,0,0
1790497110.543,1789,37647,0.035,-0.010,1.209,-6.1,1.5,1.9,2,0,0,0
1790497110.555,1790,37668,0.037,-0.008,1.195,-6.2,1.3,1.8,3,0,0,0
1790497110.574,1791,37687,0.034,-0.004,1.189,-6.2,1.3,1.9,2,0,0,0
1790497110.594,1792,37707,0.035,-0.010,1.194,-6.2,1.4,1.9,3,0,0,0
1790497110.614,1793,37727,0.198,0.029,0.998,1.7,-17.0,3.4,2,0,0,0
1790497110.634,1794,37747,-0.112,-0.071,1.140,-4.8,-6.9,1.8,2,0,0,0
1790497110.652,1795,37768,0.099,0.012,1.160,-6.0,0.4,1.9,2,0,0,0
1790497110.671,1796,37787,0.017,-0.010,1.192,-6.3,2.0,2.0,2,0,0,0
1790497110.691,1797,37807,0.042,-0.010,1.205,-6.1,1.4,1.9,2,0,0,0
1790497110.711,1798,37827,0.036,-0.013,1.219,-6.1,1.4,1.8,2,0,0,0
1790497110.731,1799,37847,0.035,-0.007,1.201,-6.2,1.2,1.9,2,0,0,0
1790497110.774,1800,37868,0.037,-0.005,1.190,-6.2,1.3,1.8,2,0,0,0
1790497110.793,1801,37887,0.037,-0.007,1.193,-6.1,1.3,1.9,2,0,0,0
1790497110.813,1802,37907,0.114,0.061,1.113,-9.3,5.6,20.7,1,0,0,0
1790497110.833,1803,37927,0.013,-0.031,1.227,-3.6,-7.7,1.9,2,0,0,0
1790497110.853,1804,37947,0.070,-0.001,1.177,-6.8,3.0,1.8,2,0,0,0
1790497110.862,1805,37967,0.023,-0.008,1.185,-6.3,1.6,1.9,2,0,0,0
1790497110.882,1806,37987,0.042,-0.006,1.179,-6.1,1.1,2.0,3,0,0,0
1790497110.902,1807,38007,0.035,-0.014,1.205,-6.2,1.5,1.9,2,0,0,0
1790497110.922,1808,38027,0.035,-0.008,1.206,-6.2,1.3,1.9,2,0,0,0
1790497110.942,1809,38047,0.035,-0.005,1.198,-6.1,1.4,1.9,2,0,0,0
1790497110.954,1810,38067,0.037,-0.009,1.191,-6.2,1.3,1.9,2,0,0,0
1790497110.974,1811,38087,0.036,-0.010,1.195,-6.1,1.4,2.0,1,0,0,0
1790497110.994,1812,38107,0.033,-0.009,1.197,-6.1,1.3,1.8,2,0,0,0
1790497111.014,1813,38127,0.046,-0.003,1.190,-6.0,0.8,2.0,1,0,0,0
1790497111.034,1814,38147,0.036,-0.008,1.196,-6.2,1.5,1.9,2,0,0,0
1790497111.050,1815,38167,0.036,-0.011,1.196,-6.1,1.4,1.9,1,0,0,0
1790497111.070,1816,38187,0.038,-0.010,1.198,-6.2,1.4,1.9,1,0,0,0
1790497111.090,1817,38207,0.037,-0.007,1.198,-6.1,1.3,2.0,3,0,0,0
1790497111.110,1818,38227,0.037,-0.006,1.197,-6.2,1.3,2.0,2,0,0,0
1790497111.130,1819,38247,0.035,-0.010,1.196,-6.2,1.4,2.0,1,0,0,0
1790497111.163,1820,38268,0.036,-0.010,1.200,-6.2,1.4,1.9,2,0,0,0
1790497111.182,1821,38287,0.034,-0.009,1.195,-6.2,1.3,1.9,2,0,0,0
1790497111.202,1822,38307,0.035,-0.005,1.192,-6.1,1.4,2.0,2,0,0,0
1790497111.222,1823,38327,0.038,-0.006,1.198,-6.1,1.5,1.9,1,0,0,0
1790497111.242,1824,38347,0.035,-0.011,1.207,-6.2,1.4,1.8,1,0,0,0
1790497111.247,1825,38367,0.035,-0.008,1.197,-6.2,1.3,2.0,2,0,0,0
1790497111.267,1826,38387,0.036,-0.005,1.189,-6.1,1.2,1.9,2,0,0,0
1790497111.287,1827,38407,0.035,-0.004,1.192,-6.1,1.4,2.0,1,0,0,0
1790497111.307,1828,38427,0.036,-0.010,1.202,-6.1,1.5,2.0,2,0,0,0
1790497111.327,1829,38447,0.039,-0.011,1.202,-6.2,1.3,2.0,2,0,0,0
1790497111.359,1830,38467,0.037,-0.006,1.194,-6.1,1.3,1.8,2,0,0,0
1790497111.379,1831,38487,0.035,-0.004,1.187,-6.1,1.4,1.9,3,0,0,0
1790497111.399,1832,38507,0.036,-0.005,1.197,-6.1,1.3,2.0,2,0,0,0
1790497111.419,1833,38527,0.040,-0.011,1.208,-6.2,1.4,1.9,1,0,0,0
1790497111.439,1834,38547,0.038,-0.010,1.201,-6.2,1.3,1.9,2,0,0,0
1790497111.459,1835,38567,0.040,-0.006,1.192,-6.2,1.3,1.9,2,0,0,0
1790497111.479,1836,38587,0.038,-0.007,1.192,-6.2,1.4,1.9,2,0,0,0
1790497111.499,1837,38607,0.038,-0.009,1.202,-6.2,1.5,1.9,2,0,0,0
1790497111.519,1838,38627,0.038,-0.010,1.207,-6.2,1.3,1.9,2,0,0,0
1790497111.539,1839,38647,0.037,-0.009,1.193,-6.1,1.3,1.9,1,0,0,0
1790497111.559,1840,38667,0.037,-0.004,1.182,-6.2,1.3,1.9,2,0,0,0
1790497111.579,1841,38687,0.037,-0.008,1.194,-6.2,1.3,1.9,2,0,0,0
1790497111.599,1842,38707,0.041,-0.009,1.204,-6.2,1.2,1.9,2,0,0,0
1790497111.619,1843,38727,0.035,-0.008,1.205,-6.2,1.4,1.9,1,0,0,0
1790497111.639,1844,38747,0.039,-0.006,1.190,-6.2,1.3,2.0,2,0,0,0
1790497111.653,1845,38767,0.040,-0.006,1.188,-6.2,1.4,1.9,2,0,0,0
1790497111.673,1846,38787,0.041,-0.009,1.202,-6.1,1.4,2.0,2,0,0,0
1790497111.693,1847,38807,0.036,-0.011,1.198,-6.2,1.2,1.9,1,0,0,0
1790497111.713,1848,38827,0.037,-0.007,1.196,-6.2,1.2,1.9,2,0,0,0
1790497111.733,1849,38847,0.037,-0.004,1.202,-6.2,1.5,2.0,1,0,0,0
1790497111.748,1850,38867,0.038,-0.009,1.196,-6.2,1.3,2.0,1,0,0,0
1790497111.768,1851,38887,0.038,-0.012,1.205,-6.2,1.2,2.0,2,0,0,0
1790497111.788,1852,38907,0.035,-0.010,1.194,-6.1,1.2,1.9,2,0,0,0
1790497111.808,1853,38927,0.037,-0.007,1.194,-6.2,1.2,1.9,2,0,0,0
1790497111.828,1854,38947,0.040,-0.005,1.201,-6.2,1.3,2.0,2,0,0,0
1790497111.862,1855,38968,0.039,-0.010,1.203,-6.2,1.4,2.0,3,0,0,0
1790497111.881,1856,38987,0.036,-0.013,1.199,-6.2,1.3,1.9,2,0,0,0
1790497111.901,1857,39007,0.036,-0.009,1.187,-6.2,1.2,1.9,1,0,0,0
1790497111.921,1858,39027,0.040,-0.004,1.194,-6.1,1.4,1.9,2,0,0,0
1790497111.941,1859,39047,0.040,-0.007,1.200,-6.1,1.4,2.0,1,0,0,0
1790497111.957,1860,39068,0.039,-0.013,1.200,-6.3,1.3,2.0,1,0,0,0
1790497111.976,1861,39087,0.035,-0.010,1.194,-6.2,1.3,1.8,1,0,0,0
1790497111.996,1862,39107,0.039,-0.007,1.200,-6.1,1.4,2.0,1,0,0,0
1790497112.016,1863,39127,0.042,-0.005,1.203,-6.2,1.3,1.9,1,0,0,0
1790497112.036,1864,39147,0.036,-0.011,1.204,-6.2,1.4,1.9,2,0,0,0
1790497112.085,1865,39168,0.035,-0.009,1.197,-6.2,1.5,1.9,1,0,0,0
1790497112.104,1866,39187,0.036,-0.008,1.190,-6.1,1.4,2.0,1,0,0,0
1790497112.124,1867,39207,0.038,-0.008,1.197,-6.1,1.2,2.0,1,0,0,0
1790497112.144,1868,39227,0.041,-0.011,1.200,-6.2,1.3,1.9,1,0,0,0
1790497112.164,1869,39247,0.037,-0.011,1.201,-6.2,1.4,1.9,2,0,0,0
1790497112.154,1870,39268,0.036,-0.009,1.195,-6.2,1.3,1.9,2,0,0,0
1790497112.173,1871,39287,0.037,-0.006,1.192,-6.1,1.4,2.0,2,0,0,0
1790497112.193,1872,39307,0.039,-0.008,1.201,-6.2,1.4,1.9,2,0,0,0
1790497112.213,1873,39327,0.040,-0.010,1.203,-6.2,1.4,1.8,2,0,0,0
1790497112.233,1874,39347,0.037,-0.010,1.193,-6.2,1.3,1.9,1,0,0,0
1790497112.263,1875,39368,0.036,-0.006,1.193,-6.2,1.4,1.8,1,0,0,0
1790497112.282,1876,39387,0.035,-0.005,1.195,-6.2,1.4,1.9,2,0,0,0
1790497112.302,1877,39407,0.039,-0.008,1.200,-6.2,1.4,2.0,2,0,0,0
1790497112.322,1878,39427,0.039,-0.011,1.199,-6.2,1.4,2.0,2,0,0,0
1790497112.342,1879,39447,0.034,-0.009,1.189,-6.2,1.4,1.8,2,0,0,0
1790497112.358,1880,39468,0.038,-0.006,1.194,-6.1,1.4,1.9,2,0,0,0
1790497112.377,1881,39487,0.039,-0.007,1.198,-6.1,1.4,1.9,2,0,0,0
1790497112.397,1882,39507,0.038,-0.010,1.197,-6.1,1.4,1.9,1,0,0,0
1790497112.417,1883,39527,0.035,-0.009,1.196,-6.2,1.3,1.9,2,0,0,0
1790497112.437,1884,39547,0.035,-0.005,1.190,-6.2,1.3,1.9,2,0,0,0
1790497112.453,1885,39567,0.039,-0.006,1.194,-6.2,1.4,1.9,4,0,0,0
1790497112.473,1886,39587,0.039,-0.009,1.202,-6.1,1.5,1.9,1,0,0,0
1790497112.493,1887,39607,0.034,-0.010,1.199,-6.1,1.4,2.0,1,0,0,0
1790497112.513,1888,39627,0.038,-0.009,1.196,-6.1,1.2,1.9,1,0,0,0
1790497112.533,1889,39647,0.037,-0.006,1.193,-6.1,1.4,1.9,1,0,0,0
1790497112.562,1890,39667,0.041,-0.011,1.201,-6.1,1.4,1.9,1,0,0,0
1790497112.582,1891,39687,0.037,-0.008,1.199,-6.1,1.4,1.9,1,0,0,0
1790497112.602,1892,39707,0.034,-0.010,1.197,-6.2,1.2,1.8,2,0,0,0
1790497112.622,1893,39727,0.038,-0.009,1.195,-6.2,1.3,2.0,1,0,0,0
1790497112.642,1894,39747,0.038,-0.004,1.193,-6.2,1.3,2.0,1,0,0,0
1790497112.664,1895,39768,0.039,-0.012,1.201,-6.2,1.3,2.0,1,0,0,0
1790497112.683,1896,39787,0.036,-0.009,1.196,-6.2,1.4,1.9,1,0,0,0
1790497112.703,1897,39807,0.037,-0.009,1.192,-6.1,1.3,2.0,1,0,0,0
1790497112.723,1898,39827,0.038,-0.007,1.195,-6.1,1.4,1.9,2,0,0,0
1790497112.743,1899,39847,0.041,-0.009,1.197,-6.2,1.4,1.9,1,0,0,0
1790497112.755,1900,39868,0.035,-0.012,1.201,-6.2,1.4,2.0,1,0,0,0
1790497112.774,1901,39887,0.035,-0.010,1.198,-6.2,1.4,1.9,2,0,0,0
1790497112.794,1902,39907,0.037,-0.005,1.193,-6.1,1.3,1.9,1,0,0,0
1790497112.814,1903,39927,0.041,-0.008,1.195,-6.1,1.4,2.0,2,0,0,0
1790497112.834,1904,39947,0.038,-0.011,1.203,-6.1,1.5,2.0,1,0,0,0
1790497112.851,1905,39968,0.037,-0.010,1.204,-6.1,1.6,1.9,1,0,0,0
1790497112.870,1906,39987,0.035,-0.010,1.194,-6.1,1.7,1.9,1,0,0,0
1790497112.890,1907,40007,0.036,-0.007,1.191,-6.1,1.6,2.0,2,0,0,0
1790497112.910,1908,40027,0.046,-0.003,1.183,-6.0,1.5,1.9,1,0,0,0
1790497112.930,1909,40047,0.042,-0.010,1.199,-6.2,1.5,1.9,2,0,0,0
1790497112.957,1910,40068,0.030,-0.009,1.197,-6.2,1.3,1.9,1,0,0,0
1790497112.976,1911,40087,0.031,-0.008,1.188,-6.2,1.4,1.9,2,0,0,0
1790497112.996,1912,40107,0.035,-0.008,1.188,-6.1,1.4,2.0,1,0,0,0
1790497113.016,1913,40127,0.046,-0.006,1.203,-6.2,1.4,2.0,1,0,0,0
1790497113.036,1914,40147,0.037,-0.010,1.194,-6.2,1.4,1.8,1,0,0,0
1790497113.058,1915,40167,0.035,-0.009,1.188,-6.2,1.4,1.9,2,0,0,0
1790497113.078,1916,40187,0.034,-0.004,1.193,-6.1,1.4,1.9,1,0,0,0
1790497113.098,1917,40207,0.041,-0.008,1.200,-6.2,1.3,2.0,2,0,0,0
1790497113.118,1918,40227,0.038,-0.009,1.205,-6.2,1.4,1.9,2,0,0,0
1790497113.138,1919,40247,0.034,-0.012,1.191,-6.1,1.3,1.9,2,0,0,0
1790497113.156,1920,40268,0.034,-0.009,1.193,-6.2,1.4,1.9,1,0,0,0
1790497113.175,1921,40287,0.040,-0.004,1.198,-6.2,1.5,2.0,1,0,0,0
1790497113.195,1922,40307,0.040,-0.009,1.210,-6.1,1.4,2.0,1,0,0,0
1790497113.215,1923,40327,0.038,-0.009,1.198,-6.2,1.3,1.9,1,0,0,0
1790497113.235,1924,40347,0.031,-0.009,1.194,-6.1,1.4,2.0,1,0,0,0
1790497113.266,1925,40367,0.034,-0.008,1.197,-6.1,1.5,1.9,1,0,0,0
1790497113.286,1926,40387,0.042,-0.008,1.200,-6.2,1.4,2.0,1,0,0,0
1790497113.306,1927,40407,0.041,-0.010,1.200,-6.2,1.4,1.9,2,0,0,0
1790497113.326,1928,40427,0.034,-0.007,1.194,-6.2,1.4,2.0,3,0,0,0
1790497113.346,1929,40447,0.033,-0.007,1.190,-6.1,1.4,1.9,1,0,0,0
1790497113.362,1930,40467,0.037,-0.009,1.200,-6.2,1.4,2.0,1,0,0,0
1790497113.382,1931,40487,0.041,-0.009,1.199,-6.2,1.4,1.8,2,0,0,0
1790497113.402,1932,40507,0.039,-0.012,1.199,-6.2,1.4,1.9,1,0,0,0
1790497113.422,1933,40527,0.035,-0.009,1.193,-6.2,1.4,1.9,1,0,0,0
1790497113.442,1934,40547,0.038,-0.005,1.194,-6.2,1.4,1.9,1,0,0,0
1790497113.462,1935,40567,0.035,-0.009,1.202,-6.2,2.0,2.0,2,0,0,0
1790497113.482,1936,40587,0.042,-0.009,1.197,-6.1,1.3,1.9,1,0,0,0
1790497113.502,1937,40607,0.035,-0.008,1.191,-6.1,1.2,1.9,1,0,0,0
1790497113.522,1938,40627,0.035,-0.005,1.194,-6.1,1.2,1.9,2,0,0,0
1790497113.542,1939,40647,0.035,-0.008,1.200,-6.2,1.6,2.0,3,0,0,0
1790497113.554,1940,40667,0.042,0.004,1.200,-6.3,2.1,-2.4,2,0,0,0
1790497113.574,1941,40687,0.036,-0.011,1.194,-6.0,1.1,1.8,2,0,0,0
1790497113.594,1942,40707,0.034,-0.007,1.195,-6.2,1.4,1.9,1,0,0,0
1790497113.614,1943,40727,0.052,-0.007,1.192,-6.5,2.5,1.6,1,0,0,0
1790497113.634,1944,40747,-0.010,-0.008,1.211,-6.0,0.1,-0.2,2,0,0,0
1790497113.666,1945,40767,0.046,-0.010,1.190,-6.2,1.2,1.9,2,0,0,0
1790497113.686,1946,40787,0.034,-0.008,1.189,-6.2,1.4,1.9,1,0,0,0
1790497113.706,1947,40807,0.038,-0.006,1.195,-6.1,1.5,2.0,1,0,0,0
1790497113.726,1948,40827,0.034,-0.009,1.203,-6.1,1.2,1.9,1,0,0,0
1790497113.746,1949,40847,0.038,-0.010,1.207,-6.2,1.4,1.9,2,0,0,0
1790497113.747,1950,40868,0.037,-0.008,1.194,-6.1,1.2,1.9,3,0,0,0
1790497113.766,1951,40887,0.037,-0.004,1.187,-6.6,2.7,1.9,1,0,0,0
1790497113.786,1952,40907,0.032,-0.007,1.206,-6.8,3.4,2.0,2,0,0,0
1790497113.806,1953,40927,0.040,-0.011,1.198,-6.2,1.5,1.9,2,0,0,0
1790497113.826,1954,40947,0.034,-0.011,1.200,-7.0,3.9,1.8,1,0,0,0
1790497113.857,1955,40967,0.031,-0.011,1.190,-6.8,3.3,1.8,1,0,0,0
1790497113.877,1956,40987,0.032,-0.006,1.197,-6.6,2.7,1.9,2,0,0,0
1790497113.897,1957,41007,-0.020,-0.025,1.190,-6.3,3.0,1.9,1,0,0,0
1790497113.917,1958,41027,0.034,-0.012,1.202,-6.6,2.7,1.9,2,0,0,0
1790497113.937,1959,41047,0.031,-0.012,1.199,-6.3,1.7,1.9,1,0,0,0
1790497113.957,1960,41067,0.030,-0.006,1.196,-6.1,1.3,1.9,1,0,0,0
1790497113.977,1961,41087,0.032,-0.012,1.198,-5.8,0.2,1.9,1,0,0,0
1790497113.997,1962,41107,0.034,-0.012,1.201,-5.5,-0.7,1.9,1,0,0,0
1790497114.017,1963,41127,0.035,-0.010,1.203,-5.4,-1.1,1.9,1,0,0,0
1790497114.037,1964,41147,0.035,-0.001,1.190,-5.4,-0.8,1.7,3,0,0,0
1790497114.050,1965,41167,-0.022,-0.026,1.178,-3.5,-5.6,2.1,1,0,0,0
1790497114.070,1966,41187,0.056,-0.001,1.192,-6.4,1.7,2.0,1,0,0,0
1790497114.090,1967,41207,0.045,-0.011,1.194,-6.2,1.3,1.9,1,0,0,0
1790497114.110,1968,41227,0.078,-0.043,1.213,-7.5,5.2,2.3,2,0,0,0
1790497114.130,1969,41247,-0.006,0.003,1.192,-6.2,1.4,0.0,2,0,0,0
1790497114.163,1970,41268,0.037,-0.007,1.197,-6.1,1.6,1.8,2,0,0,0
1790497114.182,1971,41287,0.034,-0.012,1.205,-6.0,1.0,1.7,1,0,0,0
1790497114.202,1972,41307,0.035,-0.012,1.197,-6.0,1.0,1.8,1,0,0,0
1790497114.222,1973,41327,0.034,-0.009,1.188,-5.6,-0.2,1.9,1,0,0,0
1790497114.242,1974,41347,0.048,-0.002,1.198,-5.6,-0.1,-0.7,1,0,0,0
1790497114.259,1975,41368,0.062,-0.005,1.205,-5.8,0.9,-6.7,1,0,0,0
1790497114.278,1976,41387,0.035,-0.032,1.197,-5.5,0.7,-9.5,1,0,0,0
1790497114.298,1977,41407,0.020,-0.013,1.196,-5.7,1.4,-12.0,1,0,0,0
1790497114.318,1978,41427,-0.006,0.007,1.192,-5.9,1.3,-4.4,2,0,0,0
1790497114.338,1979,41447,0.040,-0.006,1.201,-6.5,2.5,1.6,1,0,0,0
1790497114.354,1980,41467,0.040,-0.010,1.199,-6.6,2.7,1.9,5,0,0,0
1790497114.374,1981,41487,0.035,-0.010,1.196,-6.3,1.6,1.9,2,0,0,0
1790497114.394,1982,41507,0.035,-0.008,1.189,-6.5,2.5,1.9,2,0,0,0
1790497114.414,1983,41527,0.034,-0.006,1.198,-6.6,2.8,1.9,2,0,0,0
1790497114.434,1984,41547,0.037,-0.009,1.200,-6.8,3.5,1.7,2,0,0,0
1790497114.454,1985,41568,0.077,0.017,1.245,-7.1,8.0,1.9,2,0,0,0
1790497114.473,1986,41587,0.027,-0.011,1.195,-6.3,2.0,1.9,2,0,0,0
1790497114.494,1987,41608,0.033,-0.007,1.195,-6.1,1.3,2.0,1,0,0,0
1790497114.513,1988,41627,0.034,-0.007,1.200,-6.1,1.3,2.0,1,0,0,0
1790497114.533,1989,41647,0.032,-0.014,1.204,-5.9,0.6,1.9,1,0,0,0
1790497114.547,1990,41668,0.031,-0.009,1.199,-5.8,0.2,2.0,2,0,0,0
1790497114.566,1991,41687,0.034,-0.005,1.189,-5.8,0.1,1.9,2,0,0,0
1790497114.586,1992,41707,0.028,-0.007,1.199,-5.4,-0.5,1.9,1,0,0,0
1790497114.606,1993,41727,0.040,-0.007,1.201,-6.2,1.5,2.0,1,0,0,0
1790497114.626,1994,41747,0.154,0.007,1.171,-6.1,0.0,-1.7,2,0,0,0
1790497114.660,1995,41768,0.040,-0.005,1.195,-5.6,0.7,-10.1,3,0,0,0
1790497114.679,1996,41787,-0.024,-0.025,1.193,-6.2,1.9,-0.4,2,0,0,0
1790497114.699,1997,41807,0.033,-0.010,1.198,-6.0,0.9,2.0,2,0,0,0
1790497114.719,1998,41827,0.034,-0.009,1.201,-5.9,0.8,1.9,1,0,0,0
1790497114.739,1999,41847,0.037,-0.011,1.190,-6.2,1.5,1.4,2,0,0,0
1790497114.770,2000,41868,0.040,-0.006,1.192,-6.6,3.0,1.6,1,0,0,0
1790497114.789,2001,41887,0.038,-0.008,1.197,-6.8,3.4,1.8,3,0,0,0
1790497114.809,2002,41907,0.034,-0.013,1.204,-6.5,2.3,1.9,1,0,0,0
1790497114.829,2003,41927,-0.009,-0.035,1.175,-7.0,2.6,1.9,2,0,0,0
1790497114.849,2004,41947,0.036,-0.009,1.191,-6.2,1.7,1.9,2,0,0,0
1790497114.849,2005,41967,0.029,-0.007,1.201,-6.1,1.3,1.9,1,0,0,0
1790497114.869,2006,41987,0.033,-0.009,1.200,-5.9,0.7,1.9,1,0,0,0
1790497114.889,2007,42007,0.034,-0.011,1.197,-5.9,0.5,1.9,1,0,0,0
1790497114.909,2008,42027,0.036,-0.008,1.196,-5.9,0.8,1.9,1,0,0,0
1790497114.929,2009,42047,0.040,-0.003,1.189,-5.8,0.6,2.0,2,0,0,0
1790497114.949,2010,42067,0.180,0.018,1.240,-7.3,8.7,1.5,2,0,0,0
1790497114.969,2011,42087,0.032,-0.012,1.187,-5.0,-1.3,-8.7,2,0,0,0
1790497114.989,2012,42107,-0.028,-0.032,1.198,-6.1,1.2,-0.4,2,0,0,0
1790497115.009,2013,42127,0.038,-0.008,1.188,-6.0,0.7,1.9,2,0,0,0
1790497115.029,2014,42147,0.039,-0.002,1.195,-6.1,1.4,1.8,2,0,0,0
1790497115.063,2015,42168,0.036,-0.007,1.195,-6.6,2.4,1.7,2,0,0,0
1790497115.082,2016,42187,0.032,-0.011,1.199,-7.1,4.3,1.7,2,0,0,0
1790497115.102,2017,42207,-0.059,-0.016,1.248,-5.7,0.7,2.0,2,0,0,0
1790497115.122,2018,42227,0.035,-0.004,1.199,-6.2,1.9,1.8,1,0,0,0
1790497115.142,2019,42247,0.030,-0.009,1.198,-6.3,1.7,1.9,1,0,0,0
1790497115.153,2020,42267,0.032,-0.012,1.201,-6.1,1.3,2.0,2,0,0,0
1790497115.173,2021,42287,0.034,-0.013,1.195,-6.0,0.7,2.0,2,0,0,0
1790497115.193,2022,42307,0.033,-0.008,1.195,-5.8,0.4,1.9,1,0,0,0
1790497115.213,2023,42327,0.038,-0.003,1.195,-5.9,0.7,1.9,2,0,0,0
1790497115.233,2024,42347,0.037,-0.009,1.199,-6.0,1.1,1.9,1,0,0,0
1790497115.253,2025,42367,0.094,0.001,1.210,-6.0,0.6,1.0,1,0,0,0
1790497115.273,2026,42387,-0.036,-0.015,1.110,-4.0,-5.3,-10.9,1,0,0,0
1790497115.293,2027,42407,-0.020,-0.027,1.198,-6.6,2.6,-0.3,2,0,0,0
1790497115.313,2028,42427,0.037,-0.006,1.199,-6.1,0.9,1.9,1,0,0,0
1790497115.333,2029,42447,0.029,-0.011,1.199,-6.3,1.5,1.7,2,0,0,0
1790497115.363,2030,42467,0.043,-0.010,1.199,-6.5,2.5,1.5,1,0,0,0
1790497115.383,2031,42487,0.020,-0.009,1.221,-6.4,2.6,1.9,1,0,0,0
1790497115.403,2032,42507,0.032,-0.004,1.201,-6.2,2.0,1.9,1,0,0,0
1790497115.423,2033,42527,0.031,-0.013,1.197,-6.3,2.0,1.8,1,0,0,0
1790497115.443,2034,42547,0.031,-0.010,1.202,-6.3,1.9,1.9,1,0,0,0
1790497115.456,2035,42567,0.033,-0.006,1.194,-6.2,1.6,1.9,1,0,0,0
1790497115.476,2036,42587,0.034,-0.008,1.196,-6.2,1.6,2.0,2,0,0,0
1790497115.496,2037,42607,0.032,-0.011,1.196,-6.1,1.5,2.0,2,0,0,0
1790497115.516,2038,42627,0.032,-0.011,1.205,-6.2,1.4,2.0,1,0,0,0
1790497115.536,2039,42647,0.032,-0.010,1.199,-6.1,1.2,1.9,1,0,0,0
1790497115.555,2040,42668,0.034,-0.008,1.193,-6.0,1.1,1.9,2,0,0,0
1790497115.574,2041,42687,0.035,-0.007,1.195,-6.0,0.9,1.9,1,0,0,0
1790497115.594,2042,42707,0.033,-0.011,1.207,-5.9,0.5,2.0,2,0,0,0
1790497115.614,2043,42727,0.034,-0.013,1.198,-5.6,-0.3,2.0,1,0,0,0
1790497115.634,2044,42747,-0.115,-0.001,1.398,-7.0,9.5,2.0,1,0,0,0
1790497115.665,2045,42768,0.057,0.002,1.185,-5.5,-0.6,2.0,1,0,0,0
1790497115.684,2046,42787,0.060,-0.009,1.197,-5.8,0.4,-0.5,2,0,0,0
1790497115.704,2047,42807,0.028,-0.009,1.203,-6.1,1.4,-0.5,1,0,0,0
1790497115.724,2048,42827,0.037,-0.008,1.195,-6.4,2.0,1.3,1,0,0,0
1790497115.744,2049,42847,0.034,-0.005,1.188,-6.7,2.9,1.8,2,0,0,0
1790497115.761,2050,42868,0.031,-0.007,1.198,-6.8,3.4,1.8,2,0,0,0
1790497115.780,2051,42887,0.033,-0.011,1.203,-6.5,2.3,1.9,1,0,0,0
1790497115.800,2052,42907,0.034,-0.010,1.199,-6.2,1.5,1.9,2,0,0,0
1790497115.820,2053,42927,0.058,-0.000,1.201,-5.8,0.1,1.8,2,0,0,0
1790497115.840,2054,42947,0.030,-0.003,1.194,-5.9,0.8,1.9,1,0,0,0
1790497115.874,2055,42967,0.041,-0.008,1.198,-6.1,1.2,1.9,2,0,0,0
1790497115.894,2056,42987,0.033,-0.011,1.202,-6.2,1.4,1.9,1,0,0,0
1790497115.914,2057,43007,0.037,-0.009,1.195,-6.2,1.5,1.9,1,0,0,0
1790497115.934,2058,43027,0.037,-0.009,1.191,-6.0,1.1,1.9,2,0,0,0
1790497115.954,2059,43047,0.036,-0.008,1.202,-5.9,0.6,2.0,2,0,0,0
1790497115.969,2060,43068,0.038,-0.009,1.202,-5.9,0.5,2.0,1,0,0,0
1790497115.988,2061,43087,0.087,-0.005,1.123,-6.5,1.1,1.9,1,0,0,0
1790497116.008,2062,43107,0.033,-0.007,1.185,-5.3,-0.6,-0.2,2,0,0,0
1790497116.028,2063,43127,0.019,-0.010,1.195,-6.1,1.2,1.4,1,0,0,0
1790497116.048,2064,43147,0.035,-0.008,1.203,-6.2,1.5,2.0,1,0,0,0
1790497116.067,2065,43168,0.037,-0.010,1.195,-6.3,1.9,1.9,1,0,0,0
1790497116.086,2066,43187,0.037,-0.007,1.192,-6.5,2.2,1.8,2,0,0,0
1790497116.106,2067,43207,0.032,-0.007,1.196,-6.6,2.8,1.9,1,0,0,0
1790497116.126,2068,43227,0.003,-0.021,1.190,-6.1,1.9,1.9,2,0,0,0
1790497116.146,2069,43247,0.029,-0.013,1.199,-6.2,1.6,1.9,1,0,0,0
1790497116.162,2070,43267,0.034,-0.010,1.201,-6.0,0.8,2.0,2,0,0,0
1790497116.182,2071,43287,0.033,-0.008,1.190,-6.1,1.0,1.8,1,0,0,0
1790497116.202,2072,43307,0.035,-0.007,1.193,-6.0,1.2,2.0,2,0,0,0
1790497116.222,2073,43327,0.035,-0.008,1.201,-6.1,1.0,2.0,1,0,0,0
1790497116.242,2074,43347,0.037,-0.014,1.202,-5.9,0.7,2.0,1,0,0,0
1790497116.281,2075,43368,0.021,0.015,1.116,-3.2,-7.1,-7.6,1,0,0,0
1790497116.300,2076,43387,-0.047,-0.034,1.196,-6.0,1.2,-3.3,2,0,0,0
1790497116.320,2077,43407,0.040,-0.006,1.204,-6.2,1.2,1.9,2,0,0,0
1790497116.340,2078,43427,0.040,-0.008,1.201,-6.4,2.1,1.9,2,0,0,0
1790497116.360,2079,43447,0.034,-0.012,1.203,-6.8,2.9,1.8,3,0,0,0
1790497116.359,2080,43468,0.037,-0.010,1.195,-6.5,2.5,1.8,2,0,0,0
1790497116.378,2081,43487,0.034,-0.003,1.199,-6.5,2.4,1.8,2,0,0,0
1790497116.398,2082,43507,0.027,-0.005,1.218,-5.6,0.7,1.8,1,0,0,0
1790497116.418,2083,43527,0.031,-0.013,1.193,-6.2,1.5,1.9,2,0,0,0
1790497116.438,2084,43547,0.035,-0.010,1.193,-6.0,0.9,1.9,3,0,0,0
1790497116.456,2085,43567,0.032,-0.009,1.194,-5.9,0.8,2.0,2,0,0,0
1790497116.476,2086,43587,0.037,-0.007,1.198,-5.9,0.6,2.0,1,0,0,0
1790497116.496,2087,43607,0.034,-0.011,1.202,-5.9,0.8,1.9,1,0,0,0
1790497116.516,2088,43627,0.113,0.029,1.361,-7.0,9.9,-1.8,2,0,0,0
1790497116.536,2089,43647,-0.006,-0.025,1.178,-5.4,-0.5,-6.6,2,0,0,0
1790497116.557,2090,43667,0.033,-0.003,1.197,-6.1,1.1,1.5,1,0,0,0
1790497116.577,2091,43687,0.036,-0.010,1.202,-6.3,2.0,1.7,1,0,0,0
1790497116.597,2092,43707,0.042,-0.009,1.202,-6.5,2.5,1.6,1,0,0,0
1790497116.617,2093,43727,0.031,-0.011,1.195,-6.4,2.3,1.9,3,0,0,0
1790497116.637,2094,43747,0.154,0.011,1.124,-6.0,1.8,1.7,1,0,0,0
1790497116.653,2095,43767,0.030,-0.011,1.198,-6.2,1.5,1.9,1,0,0,0
1790497116.673,2096,43787,0.036,-0.012,1.201,-6.0,0.8,1.9,1,0,0,0
1790497116.693,2097,43807,0.032,-0.012,1.198,-5.9,0.5,1.9,1,0,0,0
1790497116.713,2098,43827,0.031,-0.007,1.188,-5.8,0.5,1.9,2,0,0,0
1790497116.733,2099,43847,-0.033,-0.036,1.149,-5.4,-3.1,2.1,1,0,0,0
1790497116.747,2100,43868,0.043,-0.009,1.207,-6.2,1.4,1.7,2,0,0,0
1790497116.766,2101,43887,0.039,-0.005,1.195,-6.3,1.6,1.9,2,0,0,0
1790497116.786,2102,43907,0.037,-0.006,1.194,-6.3,1.8,1.9,3,0,0,0
1790497116.806,2103,43927,0.038,-0.005,1.195,-6.6,2.3,1.9,2,0,0,0
1790497116.826,2104,43947,0.036,-0.010,1.202,-6.6,2.7,1.9,2,0,0,0
1790497116.858,2105,43968,0.030,-0.011,1.200,-6.3,2.2,1.9,1,0,0,0
1790497116.877,2106,43987,0.047,-0.008,1.191,-6.3,1.7,1.9,1,0,0,0
1790497116.897,2107,44007,0.035,-0.006,1.190,-6.0,1.2,2.0,2,0,0,0
1790497116.917,2108,44027,0.030,-0.007,1.200,-5.9,0.8,1.9,1,0,0,0
1790497116.937,2109,44047,0.036,-0.012,1.207,-6.1,1.0,1.7,2,0,0,0
1790497116.956,2110,44068,0.038,-0.010,1.199,-6.0,1.0,1.7,2,0,0,0
1790497116.975,2111,44087,0.036,-0.009,1.193,-6.2,1.5,2.0,1,0,0,0
1790497116.995,2112,44107,0.033,-0.007,1.198,-6.2,1.7,1.9,1,0,0,0
1790497117.015,2113,44127,0.033,-0.008,1.204,-6.1,1.1,2.0,1,0,0,0
1790497117.035,2114,44147,0.035,-0.013,1.204,-6.1,1.2,1.8,1,0,0,0
1790497117.051,2115,44167,0.036,-0.008,1.191,-6.1,1.3,1.9,1,0,0,0
1790497117.071,2116,44187,0.035,-0.003,1.195,-6.2,1.8,1.9,1,0,0,0
1790497117.091,2117,44207,0.033,-0.008,1.204,-6.2,2.0,1.9,1,0,0,0
1790497117.111,2118,44227,0.033,-0.010,1.202,-6.2,1.6,1.9,1,0,0,0
1790497117.131,2119,44247,0.035,-0.012,1.196,-6.1,1.2,1.9,1,0,0,0
1790497117.150,2120,44268,0.032,-0.006,1.192,-6.2,1.4,1.9,2,0,0,0
1790497117.169,2121,44287,0.036,-0.008,1.197,-6.2,1.5,2.0,2,0,0,0
1790497117.189,2122,44307,0.035,-0.010,1.197,-6.2,1.6,2.0,2,0,0,0
1790497117.209,2123,44327,0.035,-0.010,1.203,-6.3,1.7,1.9,2,0,0,0
1790497117.229,2124,44347,0.036,-0.009,1.194,-6.2,1.6,1.9,2,0,0,0
1790497117.258,2125,44367,0.033,-0.005,1.191,-6.1,1.4,2.0,2,0,0,0
1790497117.278,2126,44387,0.032,-0.008,1.196,-6.2,1.5,2.0,1,0,0,0
1790497117.298,2127,44407,0.035,-0.009,1.198,-6.2,1.4,1.9,1,0,0,0
1790497117.318,2128,44427,0.033,-0.010,1.198,-6.2,1.3,1.9,1,0,0,0
1790497117.338,2129,44447,0.037,-0.004,1.198,-6.2,1.4,1.9,2,0,0,0
1790497117.358,2130,44467,0.034,-0.008,1.196,-6.2,1.5,2.0,2,0,0,0
1790497117.378,2131,44487,0.034,-0.013,1.203,-6.1,1.3,1.9,1,0,0,0
1790497117.398,2132,44507,0.033,-0.010,1.201,-6.1,1.1,1.9,1,0,0,0
1790497117.418,2133,44527,0.037,-0.007,1.196,-5.9,0.6,2.0,1,0,0,0
1790497117.438,2134,44547,0.030,-0.007,1.197,-5.5,-0.7,2.0,2,0,0,0
1790497117.453,2135,44567,0.044,-0.000,1.210,-3.8,-4.1,1.9,1,0,0,0
1790497117.473,2136,44587,0.034,-0.010,1.202,-5.9,0.8,1.9,1,0,0,0
1790497117.493,2137,44607,0.038,-0.012,1.191,-6.1,1.0,1.9,1,0,0,0
1790497117.513,2138,44627,0.039,-0.007,1.190,-6.1,1.3,1.9,1,0,0,0
1790497117.533,2139,44647,0.036,-0.003,1.194,-6.0,1.3,2.0,2,0,0,0
1790497117.549,2140,44668,0.035,-0.010,1.206,-6.2,1.4,2.0,1,0,0,0
1790497117.568,2141,44687,0.041,-0.012,1.202,-6.1,1.3,1.9,1,0,0,0
1790497117.588,2142,44707,0.040,-0.007,1.192,-6.2,1.2,1.9,2,0,0,0
1790497117.608,2143,44727,0.036,-0.009,1.195,-6.1,1.2,1.9,1,0,0,0
1790497117.628,2144,44747,0.037,-0.010,1.198,-6.1,1.3,1.9,1,0,0,0
1790497117.658,2145,44767,0.036,-0.013,1.200,-6.1,1.4,1.9,2,0,0,0
1790497117.678,2146,44787,0.038,-0.008,1.198,-6.2,1.3,1.9,1,0,0,0
1790497117.698,2147,44807,0.035,-0.006,1.191,-6.2,1.4,1.9,2,0,0,0
1790497117.718,2148,44827,0.036,-0.005,1.196,-6.1,1.4,1.9,3,0,0,0
1790497117.738,2149,44847,0.039,-0.010,1.205,-6.1,1.4,1.9,1,0,0,0
1790497117.775,2150,44868,0.039,-0.010,1.199,-6.1,1.3,2.0,1,0,0,0
1790497117.794,2151,44887,0.036,-0.005,1.195,-6.1,1.3,1.9,2,0,0,0
1790497117.814,2152,44907,0.034,-0.007,1.192,-6.2,1.4,1.9,2,0,0,0
1790497117.834,2153,44927,0.036,-0.012,1.200,-6.2,1.4,2.0,2,0,0,0
1790497117.854,2154,44947,0.038,-0.014,1.204,-6.1,1.3,1.9,1,0,0,0
1790497117.857,2155,44968,0.035,-0.009,1.197,-6.2,1.4,1.9,1,0,0,0
1790497117.877,2156,44988,0.036,-0.006,1.193,-6.2,1.4,1.9,2,0,0,0
1790497117.896,2157,45007,0.036,-0.006,1.195,-6.2,1.4,1.9,1,0,0,0
1790497117.916,2158,45027,0.036,-0.010,1.195,-6.2,1.1,1.9,1,0,0,0
1790497117.936,2159,45047,0.038,-0.011,1.219,-6.1,1.3,1.9,2,0,0,0
1790497117.963,2160,45068,0.036,-0.009,1.192,-6.2,1.5,1.9,1,0,0,0
1790497117.982,2161,45087,0.038,-0.007,1.188,-6.2,1.3,1.9,2,0,0,0
1790497118.002,2162,45107,0.036,-0.010,1.193,-6.2,1.3,2.0,1,0,0,0
1790497118.022,2163,45127,0.038,-0.011,1.206,-6.2,1.3,1.9,2,0,0,0
1790497118.042,2164,45147,0.035,-0.009,1.200,-6.2,1.3,1.9,2,0,0,0
1790497118.059,2165,45168,0.035,-0.004,1.193,-6.2,1.4,2.0,2,0,0,0
1790497118.078,2166,45187,0.038,-0.010,1.199,-6.2,1.3,1.9,1,0,0,0
1790497118.098,2167,45207,0.037,-0.013,1.201,-6.1,1.4,1.9,2,0,0,0
1790497118.118,2168,45227,0.038,-0.009,1.198,-6.2,1.3,1.8,2,0,0,0
1790497118.138,2169,45247,0.036,-0.006,1.190,-6.1,1.4,1.9,1,0,0,0
1790497118.157,2170,45268,0.037,-0.004,1.194,-6.2,1.5,1.9,12,0,0,0
1790497118.176,2171,45287,0.038,-0.008,1.201,-6.2,1.4,2.0,2,0,0,0
1790497118.196,2172,45307,0.036,-0.014,1.204,-6.2,1.5,1.9,3,0,0,0
1790497118.216,2173,45327,0.037,-0.009,1.193,-6.2,1.3,1.9,2,0,0,0
1790497118.236,2174,45347,0.035,-0.007,1.194,-6.1,1.4,2.0,1,0,0,0
1790497118.267,2175,45368,0.036,-0.008,1.197,-6.1,1.3,1.9,5,0,0,0
1790497118.286,2176,45387,0.036,-0.013,1.203,-6.1,1.3,1.9,2,0,0,0
1790497118.306,2177,45407,0.038,-0.008,1.195,-6.1,1.3,1.9,2,0,0,0
1790497118.326,2178,45427,0.037,-0.007,1.192,-6.1,1.4,1.9,2,0,0,0
1790497118.346,2179,45447,0.039,-0.005,1.192,-6.2,1.4,1.9,2,0,0,0
1790497118.360,2180,45468,0.038,-0.010,1.204,-6.2,1.3,2.0,2,0,0,0
1790497118.379,2181,45487,0.037,-0.008,1.202,-6.2,1.4,1.9,2,0,0,0
1790497118.399,2182,45507,0.036,-0.007,1.186,-6.1,1.4,1.9,2,0,0,0
1790497118.419,2183,45527,0.035,-0.003,1.192,-6.1,1.4,1.8,1,0,0,0
1790497118.439,2184,45547,0.036,-0.006,1.201,-6.2,1.4,2.0,2,0,0,0
1790497118.460,2185,45568,0.037,-0.010,1.202,-6.2,1.4,2.0,2,0,0,0
1790497118.479,2186,45587,0.037,-0.009,1.196,-6.1,1.4,1.9,1,0,0,0
1790497118.499,2187,45607,0.038,-0.008,1.192,-6.2,1.4,1.9,2,0,0,0
1790497118.519,2188,45627,0.038,-0.003,1.200,-6.1,1.4,2.0,2,0,0,0
1790497118.539,2189,45647,0.039,-0.012,1.200,-6.2,1.4,1.9,1,0,0,0
